-- MySQL Script generated by MySQL Workbench
-- Fri Dec 18 11:39:35 2020
-- Model: New Model    Version: 1.0
-- MySQL Workbench Forward Engineering

-- -----------------------------------------------------
-- Schema BDR_Projet
-- -----------------------------------------------------
DROP SCHEMA IF EXISTS BDR_Projet ;

-- -----------------------------------------------------
-- Schema BDR_Projet
-- -----------------------------------------------------
CREATE SCHEMA IF NOT EXISTS BDR_Projet DEFAULT CHARACTER SET utf8mb4 ;
USE BDR_Projet ;

-- -----------------------------------------------------
-- Table Personne
-- -----------------------------------------------------
CREATE TABLE IF NOT EXISTS Personne (
                                        id INT AUTO_INCREMENT,
                                        nom VARCHAR(50) NOT NULL,
                                        prenom VARCHAR(50) NOT NULL,
                                        dateNaissance DATE NULL,
                                        sexe ENUM('homme', 'femme', 'autre') NULL,
                                        photoProfil VARCHAR(512) NULL,
                                        CONSTRAINT PK_Personne PRIMARY KEY (id))
    ENGINE = InnoDB;


-- -----------------------------------------------------
-- Table Doubleur
-- -----------------------------------------------------
CREATE TABLE IF NOT EXISTS Doubleur (
                                        idPersonne INT,
                                        CONSTRAINT PK_Doubleur PRIMARY KEY (idPersonne),
                                        CONSTRAINT FK_Doubleur_idPersonne
                                            FOREIGN KEY (idPersonne)
                                                REFERENCES Personne (id)
                                                ON DELETE CASCADE
                                                ON UPDATE CASCADE)
    ENGINE = InnoDB;


-- -----------------------------------------------------
-- Table Utilisateur
-- -----------------------------------------------------
CREATE TABLE IF NOT EXISTS Utilisateur (
                                           email VARCHAR(256) NOT NULL,
                                           pseudo VARCHAR(60) NOT NULL,
                                           password VARCHAR(256) NOT NULL,
                                           idPersonne INT,
                                           UNIQUE INDEX UC_Utilisateur_email (email),
                                           UNIQUE INDEX UC_Utilisateur_pseudo (pseudo),
                                           CONSTRAINT PK_Utilisateur PRIMARY KEY (idPersonne),
                                           CONSTRAINT FK_Utilisateur_idPersonne
                                               FOREIGN KEY (idPersonne)
                                                   REFERENCES Personne (id)
                                                   ON DELETE CASCADE
                                                   ON UPDATE CASCADE)
    ENGINE = InnoDB;


-- -----------------------------------------------------
-- Table Moderateur
-- -----------------------------------------------------
CREATE TABLE IF NOT EXISTS Moderateur (
                                          idPersonne INT,
                                          CONSTRAINT PK_Moderateur PRIMARY KEY (idPersonne),
                                          CONSTRAINT FK_Moderateur_idPersonne
                                              FOREIGN KEY (idPersonne)
                                                  REFERENCES Utilisateur (idPersonne)
                                                  ON DELETE CASCADE
                                                  ON UPDATE CASCADE)
    ENGINE = InnoDB;


-- -----------------------------------------------------
-- Table StudioAnimation
-- -----------------------------------------------------
CREATE TABLE IF NOT EXISTS StudioAnimation (
                                               id INT AUTO_INCREMENT,
                                               nom VARCHAR(100) NOT NULL,
                                               description TEXT NULL,
                                               logo VARCHAR(512) NULL,
                                               CONSTRAINT PK_StudioAnimation PRIMARY KEY (id))
    ENGINE = InnoDB;


-- -----------------------------------------------------
-- Table Media
-- -----------------------------------------------------
CREATE TABLE IF NOT EXISTS Media (
                                     id INT AUTO_INCREMENT,
                                     titre VARCHAR(45) NOT NULL,
                                     description TEXT NULL,
                                     duree INT NULL,
                                     image VARCHAR(512) NULL,
                                     idStudioAnimation INT NOT NULL,
                                     CONSTRAINT PK_Media PRIMARY KEY (id),
                                     INDEX FK_Media_idStudioAnimation (idStudioAnimation),
                                     CONSTRAINT FK_Media_idStudioAnimation
                                         FOREIGN KEY (idStudioAnimation)
                                             REFERENCES StudioAnimation (id)
                                             ON DELETE RESTRICT
                                             ON UPDATE CASCADE)
    ENGINE = InnoDB;


-- -----------------------------------------------------
-- Table Categorie
-- -----------------------------------------------------
CREATE TABLE IF NOT EXISTS Categorie (
                                         tag VARCHAR(50),
                                         CONSTRAINT PK_Categorie PRIMARY KEY (tag))
    ENGINE = InnoDB;


-- -----------------------------------------------------
-- Table Film
-- -----------------------------------------------------
CREATE TABLE IF NOT EXISTS Film (
                                    dateSortie DATE NOT NULL,
                                    idMedia INT,
                                    CONSTRAINT PK_Film PRIMARY KEY (idMedia),
                                    CONSTRAINT FK_Film_idMedia
                                        FOREIGN KEY (idMedia)
                                            REFERENCES Media (id)
                                            ON DELETE CASCADE
                                            ON UPDATE CASCADE)
    ENGINE = InnoDB;


-- -----------------------------------------------------
-- Table Serie
-- -----------------------------------------------------
CREATE TABLE IF NOT EXISTS Serie (
                                     idMedia INT,
                                     CONSTRAINT PK_Serie PRIMARY KEY (idMedia),
                                     CONSTRAINT FK_Serie_idMedia
                                         FOREIGN KEY (idMedia)
                                             REFERENCES Media (id)
                                             ON DELETE CASCADE
                                             ON UPDATE CASCADE)
    ENGINE = InnoDB;


-- -----------------------------------------------------
-- Table Saison
-- -----------------------------------------------------
CREATE TABLE IF NOT EXISTS Saison (
                                      num INT,
                                      idSerie INT,
                                      nbEpisodes INT NULL,
                                      dateSortie DATE NOT NULL,
                                      CONSTRAINT PK_Saison PRIMARY KEY (num, idSerie),
                                      INDEX FK_Saison_idMedia (idSerie),
                                      CONSTRAINT FK_Saison_idMedia
                                          FOREIGN KEY (idSerie)
                                              REFERENCES Serie (idMedia)
                                              ON DELETE CASCADE
                                              ON UPDATE CASCADE)
    ENGINE = InnoDB;


-- -----------------------------------------------------
-- Table Utilisateur_Media_Commentaire
-- -----------------------------------------------------
CREATE TABLE IF NOT EXISTS Utilisateur_Media_Commentaire (
                                                             idPersonne INT,
                                                             idMedia INT,
                                                             dateAjout DATETIME,
                                                             commentaire TEXT NOT NULL,
                                                             CONSTRAINT PK_UtilisateurMediaCommentaire PRIMARY KEY (idPersonne, idMedia, dateAjout),
                                                             INDEX FK_UtilisateurMediaCommentaire_idMedia (idMedia),
                                                             INDEX FK_UtilisateurMediaCommentaire_idPersonne (idPersonne),
                                                             CONSTRAINT FK_UtilisateurMediaCommentaire_idPersonne
                                                                 FOREIGN KEY (idPersonne)
                                                                     REFERENCES Utilisateur (idPersonne)
                                                                     ON DELETE CASCADE
                                                                     ON UPDATE CASCADE,
                                                             CONSTRAINT FK_UtilisateurMediaCommentaire_idMedia
                                                                 FOREIGN KEY (idMedia)
                                                                     REFERENCES Media (id)
                                                                     ON DELETE CASCADE
                                                                     ON UPDATE CASCADE)
    ENGINE = InnoDB;


-- -----------------------------------------------------
-- Table Utilisateur_Media_Note
-- -----------------------------------------------------
CREATE TABLE IF NOT EXISTS Utilisateur_Media_Note (
                                                      idPersonne INT,
                                                      idMedia INT,
                                                      note INT NOT NULL CHECK (note BETWEEN 1 AND 10),
                                                      dateNote DATETIME NOT NULL,
                                                      CONSTRAINT PK_UtilisateurMediaNote PRIMARY KEY (idPersonne, idMedia),
                                                      INDEX FK_UtilisateurMediaNote_idMedia (idMedia),
                                                      INDEX FK_UtilisateurMediaNote_idPersonne (idPersonne),
                                                      CONSTRAINT FK_EtilisateurMediaNote_idPersonne
                                                          FOREIGN KEY (idPersonne)
                                                              REFERENCES Utilisateur (idPersonne)
                                                              ON DELETE CASCADE
                                                              ON UPDATE CASCADE,
                                                      CONSTRAINT FK_UtilisateurMediaNote_idMedia
                                                          FOREIGN KEY (idMedia)
                                                              REFERENCES Media (id)
                                                              ON DELETE CASCADE
                                                              ON UPDATE CASCADE)
    ENGINE = InnoDB;


-- -----------------------------------------------------
-- Table Utilisateur_Film
-- -----------------------------------------------------
CREATE TABLE IF NOT EXISTS Utilisateur_Film (
                                                idPersonne INT,
                                                idMedia INT,
                                                nom ENUM('Plan to watch', 'Finished') NOT NULL,
                                                dateAjout DATETIME NOT NULL,
                                                CONSTRAINT PK_UtilisateurFilm PRIMARY KEY (idPersonne, idMedia),
                                                INDEX FK_UtilisateurFilm_idMedia (idMedia),
                                                INDEX FK_UtilisateurFilm_idPersonne (idPersonne),
                                                CONSTRAINT FK_UtilisateurFilm_idPersonne
                                                    FOREIGN KEY (idPersonne)
                                                        REFERENCES Utilisateur (idPersonne)
                                                        ON DELETE CASCADE
                                                        ON UPDATE CASCADE,
                                                CONSTRAINT FK_UtilisateurFilm_idMedia
                                                    FOREIGN KEY (idMedia)
                                                        REFERENCES Film (idMedia)
                                                        ON DELETE RESTRICT
                                                        ON UPDATE CASCADE)
    ENGINE = InnoDB;


-- -----------------------------------------------------
-- Table Utilisateur_Saison
-- -----------------------------------------------------
CREATE TABLE IF NOT EXISTS Utilisateur_Saison (
                                                  idPersonne INT,
                                                  numSaison INT,
                                                  idMedia INT,
                                                  nom ENUM('Plan to watch', 'Watching', 'Finished', 'Dropped') NOT NULL,
                                                  dateAjout DATETIME NOT NULL,
                                                  nbEpisodesVus INT NOT NULL,
                                                  CONSTRAINT PK_UtilisateurSaison PRIMARY KEY (idPersonne, numSaison, idMedia),
                                                  INDEX FK_UtilisateurSaison_numSaison_idMedia (numSaison, idMedia),
                                                  INDEX FK_UtilisateurSaison_idPersonne (idPersonne),
                                                  CONSTRAINT FK_UtilisateurSaison_idPersonne
                                                      FOREIGN KEY (idPersonne)
                                                          REFERENCES Utilisateur (idPersonne)
                                                          ON DELETE CASCADE
                                                          ON UPDATE CASCADE,
                                                  CONSTRAINT FK_UtilisateurSaison_numSaison_idMedia
                                                      FOREIGN KEY (numSaison , idMedia)
                                                          REFERENCES Saison (num , idSerie)
                                                          ON DELETE RESTRICT
                                                          ON UPDATE CASCADE)
    ENGINE = InnoDB;


-- -----------------------------------------------------
-- Table Media_Categorie
-- -----------------------------------------------------
CREATE TABLE IF NOT EXISTS Media_Categorie (
                                               tagCategorie VARCHAR(50),
                                               idMedia INT,
                                               CONSTRAINT PK_MediaCategorie PRIMARY KEY (tagCategorie, idMedia),
                                               INDEX FK_MediaCategorie_idMedia (idMedia),
                                               INDEX FK_MediaCategorie_tagCategorie (tagCategorie),
                                               CONSTRAINT FK_MediaCategorie_tagCategorie
                                                   FOREIGN KEY (tagCategorie)
                                                       REFERENCES Categorie (tag)
                                                       ON DELETE CASCADE
                                                       ON UPDATE CASCADE,
                                               CONSTRAINT FK_MediaCategorie_idMedia
                                                   FOREIGN KEY (idMedia)
                                                       REFERENCES Media (id)
                                                       ON DELETE CASCADE
                                                       ON UPDATE CASCADE)
    ENGINE = InnoDB;


-- -----------------------------------------------------
-- Table Doubleur_Media
-- -----------------------------------------------------
CREATE TABLE IF NOT EXISTS Doubleur_Media (
                                              idPersonne INT,
                                              idMedia INT,
                                              CONSTRAINT PK_DoubleurMedia PRIMARY KEY (idPersonne, idMedia),
                                              INDEX FK_DoubleurMedia_idMedia (idMedia),
                                              INDEX FK_DoubleurMedia_idDoubleur (idPersonne),
                                              CONSTRAINT FK_DoubleurMedia_idPersonne
                                                  FOREIGN KEY (idPersonne)
                                                      REFERENCES Doubleur (idPersonne)
                                                      ON DELETE NO ACTION
                                                      ON UPDATE NO ACTION,
                                              CONSTRAINT FK_DoubleurMedia_idMedia
                                                  FOREIGN KEY (idMedia)
                                                      REFERENCES Media (id)
                                                      ON DELETE NO ACTION
                                                      ON UPDATE NO ACTION)
    ENGINE = InnoDB;

-- CATEGORIES
INSERT INTO Categorie (Tag) VALUES ('Action'),
                                   ('Adventure'),
                                   ('Cars'),
                                   ('Comedy'),
                                   ('Dementia'),
                                   ('Demons'),
                                   ('Mystery'),
                                   ('Drama'),
                                   ('Fantasy'),
                                   ('Game'),
                                   ('Historical'),
                                   ('Horror'),
                                   ('Kids'),
                                   ('Magic'),
                                   ('Martial Arts'),
                                   ('Mecha'),
                                   ('Music'),
                                   ('Parody'),
                                   ('Samurai'),
                                   ('Romance'),
                                   ('School'),
                                   ('Sci Fi'),
                                   ('Shoujo'),
                                   ('Shoujo Ai'),
                                   ('Shounen'),
                                   ('Shounen Ai'),
                                   ('Space'),
                                   ('Sports'),
                                   ('Super Power'),
                                   ('Vampire'),
                                   ('Yuri'),
                                   ('Harem'),
                                   ('Slice Of Life'),
                                   ('Supernatural'),
                                   ('Military'),
                                   ('Police'),
                                   ('Psychological'),
                                   ('Thriller'),
                                   ('Seinen'),
                                   ('Josei');

-- STUDIOS ANIMATION
INSERT INTO StudioAnimation(nom, description, logo) VALUES ('3Hz', 'Studio description', 'path'),
                                                           ('A-1 Pictures', 'Studio description', 'path'),
                                                           ('A.C.G.T', 'Studio description', 'path'),
                                                           ('A.P.P.P.', 'Studio description', 'path'),
                                                           ('Actas', 'Studio description', 'path'),
                                                           ('Ajia-do Animation Works', 'Studio description', 'path'),
                                                           ('Anime International Company', 'Studio description', 'path'),
                                                           ('Arms Corporation', 'Studio description', 'path'),
                                                           ('Artland', 'Studio description', 'path'),
                                                           ('Artmic', 'Studio description', 'path'),
                                                           ('Arvo Animation', 'Studio description', 'path'),
                                                           ('Ashi Productions', 'Studio description', 'path'),
                                                           ('Asahi Production', 'Studio description', 'path'),
                                                           ('Asread', 'Studio description', 'path'),
                                                           ('AXsiZ', 'Studio description', 'path'),
                                                           ('Bandai Namco Pictures', 'Studio description', 'path'),
                                                           ('Bee Train', 'Studio description', 'path'),
                                                           ('Bibury Animation Studios', 'Studio description', 'path'),
                                                           ('Blue Lynx', 'Studio description', 'path'),
                                                           ('Bones', 'Studio description', 'path'),
                                                           ('Brain\'s Base', 'Studio description', 'path'),
                                                           ('Bridge', 'Studio description', 'path'),
                                                           ('C2C', 'Studio description', 'path'),
                                                           ('Chaos Project', 'Studio description', 'path'),
                                                           ('CloverWorks', 'Studio description', 'path'),
                                                           ('CoMix Wave Films', 'Studio description', 'path'),
                                                           ('Connect', 'Studio description', 'path'),
                                                           ('Creators in Pack', 'Studio description', 'path'),
                                                           ('C-Station', 'Studio description', 'path'),
                                                           ('CygamesPictures', 'Studio description', 'path'),
                                                           ('Daume', 'Studio description', 'path'),
                                                           ('David Production', 'Studio description', 'path'),
                                                           ('Diomedea', 'Studio description', 'path'),
                                                           ('DLE', 'Studio description', 'path'),
                                                           ('Doga Kobo', 'Studio description', 'path'),
                                                           ('ENGI', 'Studio description', 'path'),
                                                           ('EMT²', 'Studio description', 'path'),
                                                           ('Eight Bit', 'Studio description', 'path'),
                                                           ('Eiken', 'Studio description', 'path'),
                                                           ('Ekachi Epilka', 'Studio description', 'path'),
                                                           ('EMT Squared', 'Studio description', 'path'),
                                                           ('Encourage Films', 'Studio description', 'path'),
                                                           ('Ezo\'la', 'Studio description', 'path'),
                                                           ('Feel', 'Studio description', 'path'),
                                                           ('Felix Film', 'Studio description', 'path'),
                                                           ('Gaina', 'Studio description', 'path'),
                                                           ('Gainax', 'Studio description', 'path'),
                                                           ('Gallop', 'Studio description', 'path'),
                                                           ('Geno Studio', 'Studio description', 'path'),
                                                           ('Geek Toys', 'Studio description', 'path'),
                                                           ('GEMBA', 'Studio description', 'path'),
                                                           ('GoHands', 'Studio description', 'path'),
                                                           ('Gonzo', 'Studio description', 'path'),
                                                           ('Graphinica', 'Studio description', 'path'),
                                                           ('Grizzly', 'Studio description', 'path'),
                                                           ('Group TAC', 'Studio description', 'path'),
                                                           ('Yumeta Company', 'Studio description', 'path'),
                                                           ('Hal Film Maker', 'Studio description', 'path'),
                                                           ('Hoods Entertainment', 'Studio description', 'path'),
                                                           ('Imagin', 'Studio description', 'path'),
                                                           ('J.C.Staff', 'Studio description', 'path'),
                                                           ('Khara', 'Studio description', 'path'),
                                                           ('Kinema Citrus', 'Studio description', 'path'),
                                                           ('Kitayama Eiga Seisakujo', 'Studio description', 'path'),
                                                           ('Kitty Films', 'Studio description', 'path'),
                                                           ('Kokusai Eiga-sha', 'Studio description', 'path'),
                                                           ('Kyoto Animation', 'Studio description', 'path'),
                                                           ('Lapin Track', 'Studio description', 'path'),
                                                           ('Larx Entertainment', 'Studio description', 'path'),
                                                           ('Lay-duce', 'Studio description', 'path'),
                                                           ('Lerche', 'Studio description', 'path'),
                                                           ('Liden Films', 'Studio description', 'path'),
                                                           ('Madhouse', 'Studio description', 'path'),
                                                           ('Magic Bus', 'Studio description', 'path'),
                                                           ('Manglobe', 'Studio description', 'path'),
                                                           ('Marza Animation Planet', 'Studio description', 'path'),
                                                           ('MAPPA', 'Studio description', 'path'),
                                                           ('Maho Film', 'Studio description', 'path'),
                                                           ('Millepensee', 'Studio description', 'path'),
                                                           ('Mook Animation', 'Studio description', 'path'),
                                                           ('Mushi Production', 'Studio description', 'path'),
                                                           ('NAZ', 'Studio description', 'path'),
                                                           ('Nexus', 'Studio description', 'path'),
                                                           ('Nippon Animation', 'Studio description', 'path'),
                                                           ('Nomad', 'Studio description', 'path'),
                                                           ('NUT', 'Studio description', 'path'),
                                                           ('Oh! Production', 'Studio description', 'path'),
                                                           ('OLM', 'Studio description', 'path'),
                                                           ('Orange', 'Studio description', 'path'),
                                                           ('Ordet', 'Studio description', 'path'),
                                                           ('P.A.Works', 'Studio description', 'path'),
                                                           ('Palm Studio', 'Studio description', 'path'),
                                                           ('Passione', 'Studio description', 'path'),
                                                           ('Pierrot', 'Studio description', 'path'),
                                                           ('Pine Jam', 'Studio description', 'path'),
                                                           ('Platinum Vision', 'Studio description', 'path'),
                                                           ('Polygon Pictures', 'Studio description', 'path'),
                                                           ('Production I.G', 'Studio description', 'path'),
                                                           ('Production IMS', 'Studio description', 'path'),
                                                           ('Project No.9', 'Studio description', 'path'),
                                                           ('Radix Ace Entertainment', 'Studio description', 'path'),
                                                           ('Remic', 'Studio description', 'path'),
                                                           ('Robot Communications', 'Studio description', 'path'),
                                                           ('Satelight', 'Studio description', 'path'),
                                                           ('Sanzigen', 'Studio description', 'path'),
                                                           ('Science SARU', 'Studio description', 'path'),
                                                           ('Shaft', 'Studio description', 'path'),
                                                           ('Shin-Ei Animation', 'Studio description', 'path'),
                                                           ('Shirogumi', 'Studio description', 'path'),
                                                           ('Shuka', 'Studio description', 'path'),
                                                           ('Seven', 'Studio description', 'path'),
                                                           ('Seven Arcs', 'Studio description', 'path'),
                                                           ('Spectrum Animation', 'Studio description', 'path'),
                                                           ('Signal.MD', 'Studio description', 'path'),
                                                           ('Silver Link', 'Studio description', 'path'),
                                                           ('Studio 4°C', 'Studio description', 'path'),
                                                           ('Studio A-Cat', 'Studio description', 'path'),
                                                           ('Studio Bind', 'Studio description', 'path'),
                                                           ('Studio Chizu', 'Studio description', 'path'),
                                                           ('Studio Colorido', 'Studio description', 'path'),
                                                           ('Studio Comet', 'Studio description', 'path'),
                                                           ('Studio Deen', 'Studio description', 'path'),
                                                           ('Studio Fantasia', 'Studio description', 'path'),
                                                           ('Studio Ghibli', 'Studio description', 'path'),
                                                           ('Studio Gokumi', 'Studio description', 'path'),
                                                           ('Studio Hibari', 'Studio description', 'path'),
                                                           ('Studio Nue', 'Studio description', 'path'),
                                                           ('Studio Orphee', 'Studio description', 'path'),
                                                           ('Studio Puyukai', 'Studio description', 'path'),
                                                           ('Studio VOLN', 'Studio description', 'path'),
                                                           ('Sunrise', 'Studio description', 'path'),
                                                           ('SynergySP', 'Studio description', 'path'),
                                                           ('Tatsunoko Production', 'Studio description', 'path'),
                                                           ('Tear Studio', 'Studio description', 'path'),
                                                           ('Tezuka Productions', 'Studio description', 'path'),
                                                           ('TMS Entertainment', 'Studio description', 'path'),
                                                           ('Telecom Animation Film', 'Studio description', 'path'),
                                                           ('Tengu Kobou', 'Studio description', 'path'),
                                                           ('TNK', 'Studio description', 'path'),
                                                           ('Tsuchida Production', 'Studio description', 'path'),
                                                           ('Toei Animation', 'Studio description', 'path'),
                                                           ('Topcraft', 'Studio description', 'path'),
                                                           ('Typhoon Graphics', 'Studio description', 'path'),
                                                           ('Triangle Staff', 'Studio description', 'path'),
                                                           ('Troyca', 'Studio description', 'path'),
                                                           ('Trigger', 'Studio description', 'path'),
                                                           ('Ufotable', 'Studio description', 'path'),
                                                           ('Visual Works', 'Studio description', 'path'),
                                                           ('White Fox', 'Studio description', 'path'),
                                                           ('Wit Studio', 'Studio description', 'path'),
                                                           ('Xebec', 'Studio description', 'path'),
                                                           ('Yaoyorozu', 'Studio description', 'path'),
                                                           ('Yokohama Animation Laboratory', 'Studio description', 'path'),
                                                           ('Zexcs', 'Studio description', 'path'),
                                                           ('Zero-G', 'Studio description', 'path');


-- MEDIAS
INSERT INTO Media (titre, description, duree, image, idStudioAnimation) VALUES ('Death Note', 'A shinigami, as a god of death, can kill any person—provided they see their victim\'s face and write their victim\'s name in a notebook called a Death Note. One day, Ryuk, bored by the shinigami lifesty...', 24, '9453.jpg', 115),
                                                                               ('Shingeki no Kyojin', 'Centuries ago, mankind was slaughtered to near extinction by monstrous humanoid creatures called titans, forcing humans to hide in fear behind enormous concentric walls. What makes these giants truly...', 24, '47347.jpg', 89),
                                                                               ('Fullmetal Alchemist: Brotherhood', '"""In order for something to be obtained, something of equal value must be lost."" Alchemy is bound by this Law of Equivalent Exchange—something the young brothers Edward and Alphonse Elric only realize..."', 24, '96541.jpg', 1),
                                                                               ('Sword Art Online', '"In the year 2022, virtual reality has progressed by leaps and bounds, and a massive online role-playing game called Sword Art Online (SAO) is launched. With the aid of ""NerveGear"" technology, players..."', 24, '39717.jpg', 29),
                                                                               ('One Punch Man', 'The seemingly ordinary and unimpressive Saitama has a rather unique hobby: being a hero. In order to pursue his childhood dream, he trained relentlessly for three years—and lost all of his hair in the...', 24, '76049.jpg', 84),
                                                                               ('Tokyo Ghoul', 'Tokyo has become a cruel and merciless city—a place where vicious creatures called “ghouls” exist alongside humans. The citizens of this once great metropolis live in constant fear of these bloodthirs...', 24, '64449.jpg', 74),
                                                                               ('Boku no Hero Academia', '"The appearance of ""quirks,"" newly discovered super powers, has been steadily increasing over the years, with 80 percent of humanity possessing various abilities from manipulation of elements to shapes..."', 24, '78745.jpg', 67),
                                                                               ('Naruto', 'Moments prior to Naruto Uzumaki\'s birth, a huge demon known as the Kyuubi, the Nine-Tailed Fox, attacked Konohagakure, the Hidden Leaf Village, and wreaked havoc. In order to put an end to the Kyuubi\'...', 24, '17405.jpg', 31),
                                                                               ('"Stein\'s Gate"', '"The self-proclaimed mad scientist Rintarou Okabe rents out a room in a rickety old building in Akihabara, where he indulges himself in his hobby of inventing prospective ""future gadgets"" with fellow l..."', 24, '73199.jpg', 102),
                                                                               ('No Game No Life', '"No Game No Life is a surreal comedy that follows Sora and Shiro, shut-in NEET siblings and the online gamer duo behind the legendary username ""Blank."" They view the real world as just another lousy ga..."', 24, '65187.jpg', 70),
                                                                               ('Kimi no Na wa.', 'Mitsuha Miyamizu, a high school girl, yearns to live the life of a boy in the bustling city of Tokyo—a dream that stands in stark contrast to her present life in the countryside. Meanwhile in the city...', 120, '87048.jpg', 77),
                                                                               ('Hunter x Hunter (2011)', 'Hunter x Hunter is set in a world where Hunters exist to perform all manner of dangerous tasks like capturing criminals and bravely searching for lost treasures in uncharted territories. Twelve-year-o...', 24, '33657.jpg', 127),
                                                                               ('Angel Beats!', 'Otonashi awakens only to learn he is dead. A rifle-toting girl named Yuri explains that they are in the afterlife, and Otonashi realizes the only thing he can remember about himself is his name. Yuri...', 24, '22061.jpg', 139),
                                                                               ('Code Geass: Hangyaku no Lelouch', 'In the year 2010, the Holy Empire of Britannia is establishing itself as a dominant military nation, starting with the conquest of Japan. Renamed to Area 11 after its swift defeat, Japan has seen sign...', 24, '50331.jpg', 63),
                                                                               ('Boku no Hero Academia 2', 'At UA Academy, not even a violent attack can disrupt their most prestigious event: the school sports festival. Renowned across Japan, this festival is an opportunity for aspiring heroes to showcase th...', 24, '85221.jpg', 37),
                                                                               ('Toradora!', '"Ryuuji Takasu is a gentle high school student with a love for housework but in contrast to his kind nature, he has an intimidating face that often gets him labeled as a delinquent. On the other hand..."', 24, '22128.jpg', 95),
                                                                               ('Mirai Nikki', 'Lonely high school student, Yukiteru Amano, spends his days writing a diary on his cellphone, while conversing with his two seemingly imaginary friends Deus Ex Machina, who is the god of time and spac...', 24, '33465.jpg', 98),
                                                                               ('Noragami', 'In times of need, if you look in the right place, you just may see a strange telephone number scrawled in red. If you call this number, you will hear a young man introduce himself as the Yato God. Yat...', 24, '77809.jpg', 101),
                                                                               ('Shingeki no Kyojin 2', 'For centuries, humanity has been hunted by giant, mysterious predators known as the Titans. Three mighty walls—Wall Maria, Rose, and Sheena—provided peace and protection for humanity for over a hundre...', 24, '84177.jpg', 94),
                                                                               ('Naruto: Shippuuden', 'It has been two and a half years since Naruto Uzumaki left Konohagakure, the Hidden Leaf Village, for intense training following events which fueled his desire to be stronger. Now Akatsuki, the myster...', 24, '17407.jpg', 21),
                                                                               ('Naruto: Shippuuden', 'It has been two and a half years since Naruto Uzumaki left Konohagakure, the Hidden Leaf Village, for intense training following events which fueled his desire to be stronger. Now Akatsuki, the myster...', 24, '17407.jpg', 21),
                                                                               ('Re:Zero kara Hajimeru Isekai Seikatsu', 'When Subaru Natsuki leaves the convenience store, the last thing he expects is to be wrenched from his everyday life and dropped into a fantasy world. Things aren\'t looking good for the bewildered tee...', 24, '79410.jpg', 99),
                                                                               ('Sword Art Online II', 'A year after escaping Sword Art Online, Kazuto Kirigaya has been settling back into the real world. However, his peace is short-lived as a new incident occurs in a game called Gun Gale Online, where a...', 24, '65185.jpg', 104),
                                                                               ('Shigatsu wa Kimi no Uso', 'Music accompanies the path of the human metronome, the prodigious pianist Kousei Arima. But after the passing of his mother, Saki Arima, Kousei falls into a downward spiral, rendering him unable to he...', 24, '67177.jpg', 19),
                                                                               ('Ao no Exorcist', 'Humans and demons are two sides of the same coin, as are Assiah and Gehenna, their respective worlds. The only way to travel between the realms is by the means of possession, like in ghost stories. Ho...', 24, '75195.jpg', 93),
                                                                               ('Akame ga Kill!', 'Night Raid is the covert assassination branch of the Revolutionary Army, an uprising assembled to overthrow Prime Minister Honest, whose avarice and greed for power has led him to take advantage of th...', 24, '95946.jpg', 147),
                                                                               ('Nanatsu no Taizai', 'In a world similar to the European Middle Ages, the feared yet revered Holy Knights of Britannia use immensely powerful magic to protect the region of Britannia and its kingdoms. However, a small subs...', 24, '65409.jpg', 100),
                                                                               ('Boku dake ga Inai Machi', 'When tragedy is about to strike, Satoru Fujinuma finds himself sent back several minutes before the accident occurs. The detached, 29-year-old manga artist has taken advantage of this powerful yet mys...', 24, '77957.jpg', 2),
                                                                               ('Koe no Katachi', 'As a wild youth, elementary school student Shouya Ishida sought to beat boredom in the cruelest ways. When the deaf Shouko Nishimiya transfers into his class, Shouya and the rest of his class thoughtl...', 120, '96435.jpg', 103),
                                                                               ('Fairy Tail', 'In the mystical land of Fiore, magic exists as an essential part of everyday life. Countless magic guilds lie at the core of all magical activity, and serve as venues for like-minded mages to band tog...', 24, '18179.jpg', 67),
                                                                               ('One Piece', '"Gol D. Roger was known as the ""Pirate King,"" the strongest and most infamous being to have sailed the Grand Line. The capture and execution of Roger by the World Government brought a change throughout..."', 24, '73245.jpg', 26),
                                                                               ('Kimetsu no Yaiba', 'Ever since the death of his father, the burden of supporting the family has fallen upon Tanjirou Kamado\'s shoulders. Though living impoverished on a remote mountain, the Kamado family are able to enjo...', 24, '99889.jpg', 7),
                                                                               ('Boku no Hero Academia 3', 'As summer arrives for the students at UA Academy, each of these superheroes-in-training puts in their best efforts to become renowned heroes. They head off to a forest training camp run by UA\'s pro he...', 24, '92084.jpg', 5),
                                                                               ('Bleach', 'Ichigo Kurosaki is an ordinary high schooler—until his family is attacked by a Hollow, a corrupt spirit that seeks to devour human souls. It is then that he meets a Soul Reaper named Rukia Kuchiki, wh...', 24, '40451.jpg', 41),
                                                                               ('Kill la Kill', 'After the murder of her father, Ryuuko Matoi has been wandering the land in search of his killer. Following her only lead—the missing half of his invention, the Scissor Blade—she arrives at the presti...', 24, '75514.jpg', 114),
                                                                               ('Code Geass: Hangyaku no Lelouch R2', 'One year has passed since the Black Rebellion, a failed uprising against the Holy Britannian Empire led by the masked vigilante Zero, who is now missing. At a loss without their revolutionary leader,...', 24, '9391.jpg', 2),
                                                                               ('Kono Subarashii Sekai ni Shukufuku wo!', 'After dying a laughable and pathetic death on his way back from buying a game, high school student and recluse Kazuma Satou finds himself sitting before a beautiful but obnoxious goddess named Aqua. S...', 24, '77831.jpg', 38),
                                                                               ('Cowboy Bebop', 'In the year 2071, humanity has colonized several of the planets and moons of the solar system leaving the now uninhabitable surface of planet Earth behind. The Inter Solar System Police attempts to ke...', 24, '19644.jpg', 153),
                                                                               ('Sen to Chihiro no Kamikakushi', 'Stubborn, spoiled, and naïve, 10-year-old Chihiro Ogino is less than pleased when she and her parents discover an abandoned amusement park on the way to their new house. Cautiously venturing inside, s...', 120, '79597.jpg', 45),
                                                                               ('Kiseijuu: Sei no Kakuritsu', 'All of a sudden, they arrived: parasitic aliens that descended upon Earth and quickly infiltrated humanity by burrowing into the brains of vulnerable targets. These insatiable beings acquire full cont...', 24, '73178.jpg', 65),
                                                                               ('Soul Eater', '"Death City is home to the famous Death Weapon Meister Academy, a technical academy headed by the Shinigami—Lord Death himself. Its mission: to raise ""Death Scythes"" for the Shinigami to wield against..."', 24, '7804.jpg', 70),
                                                                               ('Tengen Toppa Gurren Lagann', 'Simon and Kamina were born and raised in a deep, underground village, hidden from the fabled surface. Kamina is a free-spirited loose cannon bent on making a name for himself, while Simon is a timid y...', 24, '5123.jpg', 85),
                                                                               ('Ansatsu Kyoushitsu', 'When a mysterious creature chops the moon down to a permanent crescent, the students of class 3-E of Kunugigaoka Middle School find themselves confronted with an enormous task: assassinate the creatur...', 24, '75639.jpg', 41),
                                                                               ('Psycho-Pass', 'Justice, and the enforcement of it, has changed. In the 22nd century, Japan enforces the Sibyl System, an objective means of determining the threat level of each citizen by examining their mental stat...', 24, '43399.jpg', 2),
                                                                               ('Mob Psycho 100', '"Eighth-grader Shigeo ""Mob"" Kageyama has tapped into his inner wellspring of psychic prowess at a young age. But the power quickly proves to be a liability when he realizes the potential danger in his..."', 24, '80356.jpg', 63),
                                                                               ('Another', 'In 1972, a popular student in Yomiyama North Middle School\'s class 3-3 named Misaki passed away during the school year. Since then, the town of Yomiyama has been shrouded by a fearful atmosphere, from...', 24, '75509.jpg', 105),
                                                                               ('Tokyo Ghoul √A', 'Ken Kaneki has finally come to accept the monstrous, flesh-craving part of himself that he has feared and despised for so long. After escaping captivity and torture, Kaneki joins Aogiri Tree—the very...', 24, '71777.jpg', 122),
                                                                               ('Elfen Lied', '"Lucy is a special breed of human referred to as ""Diclonius,"" born with a short pair of horns and invisible telekinetic hands that lands her as a victim of inhumane scientific experimentation by the go..."', 24, '6883.jpg', 148),
                                                                               ('Death Parade', 'After death, there is no heaven or hell, only a bar that stands between reincarnation and oblivion. There the attendant will, one after another, challenge pairs of the recently deceased to a random ga...', 24, '71553.jpg', 148),
                                                                               ('Fullmetal Alchemist', 'Edward Elric, a young, brilliant alchemist, has lost much in his twelve-year life: when he and his brother Alphonse try to resurrect their dead mother through the forbidden act of human transmutation,...', 24, '75815.jpg', 112),
                                                                               ('Shokugeki no Souma', 'Ever since he was a child, fifteen-year-old Souma Yukihira has helped his father by working as the sous chef in the restaurant his father runs and owns. Throughout the years, Souma developed a passion...', 24, '72943.jpg', 123),
                                                                               ('Ano Hana', '"Jinta Yadomi is peacefully living as a recluse, spending his days away from school and playing video games at home instead. One hot summer day, his childhood friend, Meiko ""Menma"" Honma, appears and p..."', 24, '79697.jpg', 129),
                                                                               ('Neon Genesis Evangelion', 'In the year 2015, the world stands on the brink of destruction. Humanity\'s last hope lies in the hands of Nerv, a special agency under the United Nations, and their Evangelions, giant machines capable...', 24, '108941.jpg', 125),
                                                                               ('Haikyuu!!', '"Inspired after watching a volleyball ace nicknamed ""Little Giant"" in action, small-statured Shouyou Hinata revives the volleyball club at his middle school. The newly-formed team even makes it to a to..."', 24, '76014.jpg', 71),
                                                                               ('Highschool of the Dead', 'It happened suddenly: The dead began to rise and Japan was thrown into total chaos. As these monsters begin terrorizing a high school, Takashi Kimuro is forced to kill his best friend when he gets bit...', 24, '78311.jpg', 52),
                                                                               ('Durarara!!', '"In Tokyo\'s downtown district of Ikebukuro, amidst many strange rumors and warnings of anonymous gangs and dangerous occupants, one urban legend stands out above the rest—the existence of a headless ""B..."', 24, '71772.jpg', 1),
                                                                               ('Shingeki no Kyojin 3', '"Still threatened by the ""Titans"" that rob them of their freedom, mankind remains caged inside the two remaining walls. Efforts to eradicate these monsters continue however, threats arise not only fro..."', 24, '92110.jpg', 93),
                                                                               ('Clannad', 'Tomoya Okazaki is a delinquent who finds life dull and believes he\'ll never amount to anything. Along with his friend Youhei Sunohara, he skips school and plans to waste his high school days away. One...', 24, '95033.jpg', 142),
                                                                               ('Fate/Zero', 'With the promise of granting any wish, the omnipotent Holy Grail triggered three wars in the past, each too cruel and fierce to leave a victor. In spite of that, the wealthy Einzbern family is confide...', 24, '73249.jpg', 13),
                                                                               ('DanMAchi', 'Life in the bustling city of Orario is never dull, especially for Bell Cranel, a naïve young man who hopes to become the greatest adventurer in the land. After a chance encounter with the lonely godde...', 24, '70187.jpg', 82),
                                                                               ('Bakemonogatari', 'Koyomi Araragi, a third-year high school student, manages to survive a vampire attack with the help of Meme Oshino, a strange man residing in an abandoned building. Though being saved from vampirism a...', 24, '75274.jpg', 2),
                                                                               ('Hataraku Maou-sama!', 'Striking fear into the hearts of mortals, the Demon Lord Satan begins to conquer the land of Ente Isla with his vast demon armies. However, while embarking on this brutal quest to take over the contin...', 24, '50177.jpg', 77),
                                                                               ('Noragami Aragoto', 'Yato and Yukine have finally mended their relationship as god and Regalia, and everyone has returned to their daily life. Yato remains a minor and unknown deity who continues taking odd jobs for five...', 24, '94850.jpg', 10),
                                                                               ('Overlord', 'The final hour of the popular virtual reality game Yggdrasil has come. However, Momonga, a powerful wizard and master of the dark guild Ainz Ooal Gown, decides to spend his last few moments in the gam...', 24, '88019.jpg', 81),
                                                                               ('Charlotte', 'While on the surface Yuu Otosaka appears to be just another charming and intelligent teenager, he has a secret—he has the ability to slip into people\'s minds and fully control their body for five seco...', 24, '74683.jpg', 123),
                                                                               ('Yakusoku no Neverland', '"Surrounded by a forest and a gated entrance, the Grace Field House is inhabited by orphans happily living together as one big family, looked after by their ""Mama,"" Isabella. Although they are required..."', 24, '96929.jpg', 12),
                                                                               ('Violet Evergarden', '"The Great War finally came to an end after four long years of conflict fractured in two, the continent of Telesis slowly began to flourish once again. Caught up in the bloodshed was Violet Evergarden..."', 24, '95088.jpg', 139),
                                                                               ('High School DxD', 'High school student Issei Hyoudou is your run-of-the-mill pervert who does nothing productive with his life, peeping on women and dreaming of having his own harem one day. Things seem to be looking up...', 24, '32527.jpg', 13),
                                                                               ('Mahou Shoujo Madoka★Magica', 'Madoka Kaname and Sayaka Miki are regular middle school girls with regular lives, but all that changes when they encounter Kyuubey, a cat-like magical familiar, and Homura Akemi, the new transfer stud...', 24, '55225.jpg', 91),
                                                                               ('Kono Subarashii Sekai ni Shukufuku wo! 2', 'When Kazuma Satou died, he was given two choices: pass on to heaven or be revived in a fantasy world. After choosing the new world, the goddess Aqua tasked him with defeating the Demon King, and let h...', 24, '83188.jpg', 58),
                                                                               ('Hamachi', 'Hachiman Hikigaya is an apathetic high school student with narcissistic and semi-nihilistic tendencies. He firmly believes that joyful youth is nothing but a farce, and everyone who says otherwise is...', 24, '49459.jpg', 15),
                                                                               ('Guilty Crown', '"Japan, 2039. Ten years after the outbreak of the ""Apocalypse Virus,"" an event solemnly regarded as ""Lost Christmas,"" the once proud nation has fallen under the rule of the GHQ, an independent military..."', 24, '33713.jpg', 73),
                                                                               ('One Punch Man 2', 'In the wake of defeating Boros and his mighty army, Saitama has returned to his unremarkable everyday life in Z-City. However, unbeknownst to him, the number of monsters appearing is still continuousl...', 24, '99571.jpg', 98),
                                                                               ('Deadman Wonderland', 'It looked like it would be a normal day for Ganta Igarashi and his classmates—they were preparing to go on a class field trip to a certain prison amusement park called Deadman Wonderland, where the co...', 24, '75299.jpg', 47),
                                                                               ('Chuunibyou demo Koi ga Shitai!', 'Everybody has had that stage in their life where they have thought themselves to be special, different from the masses of ordinary humans. They might go as far as seeing themselves capable of wielding...', 24, '46931.jpg', 46),
                                                                               ('Darling in the FranXX', 'In the distant future, humanity has been driven to near-extinction by giant beasts known as Klaxosaurs, forcing the surviving humans to take refuge in massive fortress cities called Plantations. Child...', 24, '90408.jpg', 147),
                                                                               ('Shingeki no Kyojin 3 Part 2', '"Seeking to restore humanity’s diminishing hope, the Survey Corps embark on a mission to retake Wall Maria, where the battle against the merciless ""Titans"" takes the stage once again. Returning to the..."', 24, '100633.jpg', 147),
                                                                               ('JoJo no Kimyou na Bouken (TV)', 'In 1868, Dario Brando saves the life of an English nobleman, George Joestar. By taking in Dario\'s son Dio when the boy becomes fatherless, George hopes to repay the debt he owes to his savior. However...', 24, '40409.jpg', 137),
                                                                               ('Hyouka', 'Energy-conservative high school student Houtarou Oreki ends up with more than he bargained for when he signs up for the Classics Club at his sister\'s behest—especially when he realizes how deep-rooted...', 24, '50521.jpg', 1),
                                                                               ('Clannad: After Story', 'Clannad: After Story, the sequel to the critically acclaimed slice-of-life series Clannad, begins after Tomoya Okazaki and Nagisa Furukawa graduate from high school. Together, they experience the emot...', 24, '24647.jpg', 123),
                                                                               ('Sakura-sou no Pet na Kanojo', 'When abandoned kittens and his good conscience force second year Sorata Kanda to move into Suimei High School’s infamous Sakura Hall, the satellite dorm and its eccentric, misfit residents turn his li...', 24, '43643.jpg', 154),
                                                                               ('Samurai Champloo', 'Fuu Kasumi is a young and clumsy waitress who spends her days peacefully working in a small teahouse. That is, until she accidentally spills a drink all over one of her customers! With a group of samu...', 24, '29134.jpg', 78),
                                                                               ('Aobuta', 'The rare and inexplicable Puberty Syndrome is thought of as a myth. It is a rare disease which only affects teenagers, and its symptoms are so supernatural that hardly anyone recognizes it as a legiti...', 24, '93586.jpg', 110),
                                                                               ('Dragon Ball Z', 'Five years after winning the World Martial Arts tournament, Gokuu is now living a peaceful life with his wife and son. This changes, however, with the arrival of a mysterious enemy named Raditz who pr...', 24, '20936.jpg', 115),
                                                                               ('Owari no Seraph', 'With the appearance of a mysterious virus that kills everyone above the age of 13, mankind becomes enslaved by previously hidden, power-hungry vampires who emerge in order to subjugate society with th...', 24, '73474.jpg', 67),
                                                                               ('Log Horizon', 'In the blink of an eye, thirty thousand bewildered Japanese gamers are whisked from their everyday lives into the world of the popular MMORPG, Elder Tale, after the game\'s latest update—unable to log...', 24, '84004.jpg', 143),
                                                                               ('Kuroshitsuji', '"Young Ciel Phantomhive is known as ""the Queen\'s Guard Dog,"" taking care of the many unsettling events that occur in Victorian England for Her Majesty. Aided by Sebastian Michaelis, his loyal butler wi..."', 24, '27013.jpg', 89),
                                                                               ('Boku no Hero Academia 4', '"After successfully passing his Provisional Hero License exam, Izuku ""Deku"" Midoriya seeks out an extracurricular internship with a professional hero agency. At the recommendation of his mentor All Mig..."', 24, '107914.jpg', 48),
                                                                               ('Tate no Yuusha no Nariagari', 'The Four Cardinal Heroes are a group of ordinary men from modern-day Japan summoned to the kingdom of Melromarc to become its saviors. Melromarc is a country plagued by the Waves of Catastrophe that h...', 24, '101365.jpg', 75),
                                                                               ('Ansatsu Kyoushitsu 2', 'The students return as school is back in session for the second semester. Following their exploits on the island during summer vacation, Class 3-E continues to sharpen their blades with their sights s...', 24, '77966.jpg', 154),
                                                                               ('Dr. Stone', 'After five years of harboring unspoken feelings, high-schooler Taiju Ooki is finally ready to confess his love to Yuzuriha Ogawa. Just when Taiju begins his confession however, a blinding green light...', 24, '102576.jpg', 46),
                                                                               ('Mononoke Hime', 'When an Emishi village is attacked by a fierce demon boar, the young prince Ashitaka puts his life at stake to defend his tribe. With its dying breath, the beast curses the prince\'s arm, granting him...', 120, '75919.jpg', 148),
                                                                               ('Kaichou wa Maid-sama!', '"Being the first female student council president isn\'t easy, especially when your school just transitioned from an all boys high school to a co-ed one. Aptly nicknamed ""Demon President"" by the boys fo..."', 24, '25254.jpg', 2),
                                                                               ('Kaguya-sama', 'At the renowned Shuchiin Academy, Miyuki Shirogane and Kaguya Shinomiya are the student body\'s top representatives. Ranked the top student in the nation and respected by peers and mentors alike, Miyuk...', 24, '106551.jpg', 59),
                                                                               ('Nisekoi', 'Raku Ichijou, a first-year student at Bonyari High School, is the sole heir to an intimidating yakuza family. Ten years ago, Raku made a promise to his childhood friend. Now, all he has to go on is a...', 24, '75587.jpg', 85),
                                                                               ('Kyoukai no Kanata', '"Mirai Kuriyama is the sole survivor of a clan of Spirit World warriors with the power to employ their blood as weapons. As such, Mirai is tasked with hunting down and killing ""youmu""—creatures said to..."', 24, '85468.jpg', 21),
                                                                               ('Made in Abyss', 'The Abyss—a gaping chasm stretching down into the depths of the earth, filled with mysterious creatures and relics from a time long past. How did it come to be? What lies at the bottom? Countless brav...', 24, '86733.jpg', 2),
                                                                               ('Howl no Ugoku Shiro', 'That jumbled piece of architecture, that cacophony of hissing steam and creaking joints, with smoke billowing from it as it moves on its own... That castle is home to the magnificent wizard Howl, infa...', 120, '75810.jpg', 62),
                                                                               ('Haikyuu!! 2', 'Following their participation at the Inter-High, the Karasuno High School volleyball team attempts to refocus their efforts, aiming to conquer the Spring tournament instead. When they receive an invit...', 24, '76662.jpg', 83),
                                                                               ('Zankyou no Terror', '"Painted in red, the word ""VON"" is all that is left behind after a terrorist attack on a nuclear facility in Japan. The government is shattered by their inability to act, and the police are left franti..."', 24, '64447.jpg', 94),
                                                                               ('Ouran Koukou Host Club', 'Haruhi Fujioka is a bright scholarship candidate with no rank or title to speak of—a rare species at Ouran Academy, an elite school for students of high pedigree. When she opens the door to Music Room...', 24, '71992.jpg', 73);

-- CATEGORIES DES MEDIAS
INSERT INTO media_categorie VALUES ('Magic', 1),
                                   ('Supernatural', 2),
                                   ('Police', 3),
                                   ('Horror', 4),
                                   ('Super Power', 5),
                                   ('Drama', 6),
                                   ('Shoujo', 7),
                                   ('Romance', 8),
                                   ('Harem', 9),
                                   ('Space', 10),
                                   ('Police', 11),
                                   ('Shoujo', 12),
                                   ('Space', 13),
                                   ('Shounen Ai', 14),
                                   ('Music', 15),
                                   ('Mystery', 16),
                                   ('Cars', 17),
                                   ('Samurai', 18),
                                   ('Seinen', 19),
                                   ('Fantasy', 20),
                                   ('Game', 21),
                                   ('Comedy', 22),
                                   ('Psychological', 23),
                                   ('Music', 24),
                                   ('Horror', 25),
                                   ('Police', 26),
                                   ('Seinen', 27),
                                   ('Dementia', 28),
                                   ('Music', 29),
                                   ('Music', 30),
                                   ('Sci Fi', 31),
                                   ('Psychological', 32),
                                   ('Drama', 33),
                                   ('Comedy', 34),
                                   ('Martial Arts', 35),
                                   ('Psychological', 36),
                                   ('Sci Fi', 37),
                                   ('Romance', 38),
                                   ('Game', 39),
                                   ('Space', 40),
                                   ('Mystery', 41),
                                   ('Shoujo', 42),
                                   ('Comedy', 43),
                                   ('Fantasy', 44),
                                   ('Cars', 45),
                                   ('Super Power', 46),
                                   ('Mystery', 47),
                                   ('Kids', 48),
                                   ('Harem', 49),
                                   ('Demons', 50),
                                   ('Game', 51),
                                   ('Historical', 52),
                                   ('Demons', 53),
                                   ('Mystery', 54),
                                   ('Magic', 55),
                                   ('Fantasy', 56),
                                   ('Shounen', 57),
                                   ('Supernatural', 58),
                                   ('Horror', 59),
                                   ('Dementia', 60),
                                   ('Sports', 61),
                                   ('Shounen', 62),
                                   ('Adventure', 63),
                                   ('Drama', 64),
                                   ('Romance', 65),
                                   ('Shoujo Ai', 66),
                                   ('Fantasy', 67),
                                   ('Police', 68),
                                   ('Comedy', 69),
                                   ('Super Power', 70),
                                   ('Yuri', 71),
                                   ('Kids', 72),
                                   ('Parody', 73),
                                   ('Romance', 74),
                                   ('Thriller', 75),
                                   ('Shoujo Ai', 76),
                                   ('Demons', 77),
                                   ('Sports', 78),
                                   ('Martial Arts', 79),
                                   ('Thriller', 80),
                                   ('Police', 81),
                                   ('Yuri', 82),
                                   ('Yuri', 83),
                                   ('Magic', 84),
                                   ('Demons', 85),
                                   ('Thriller', 86),
                                   ('Cars', 87),
                                   ('Mecha', 88),
                                   ('Military', 89),
                                   ('Sci Fi', 90),
                                   ('Police', 91),
                                   ('Magic', 92),
                                   ('Police', 93),
                                   ('Mecha', 94),
                                   ('Space', 95),
                                   ('Adventure', 96),
                                   ('Music', 97),
                                   ('Romance', 98),
                                   ('Music', 99),
                                   ('Romance', 100),
                                   ('Seinen', 101);

-- FILMS
INSERT INTO Film (idMedia, dateSortie) VALUES (11, '2016-08-26'),
                                              (29, '2016-09-17'),
                                              (39, '2001-07-20'),
                                              (92, '1997-07-12'),
                                              (98, '2004-11-20');

-- SERIES
INSERT INTO Serie VALUES (1),
                         (2),
                         (3),
                         (4),
                         (5),
                         (6),
                         (7),
                         (8),
                         (9),
                         (12),
                         (13),
                         (14),
                         (15),
                         (16),
                         (17),
                         (18),
                         (19),
                         (20),
                         (21),
                         (22),
                         (23),
                         (24),
                         (25),
                         (26),
                         (28),
                         (30),
                         (31),
                         (32),
                         (33),
                         (34),
                         (35),
                         (36),
                         (38),
                         (40),
                         (41),
                         (42),
                         (43),
                         (44),
                         (45),
                         (46),
                         (47),
                         (48),
                         (49),
                         (50),
                         (51),
                         (52),
                         (53),
                         (54),
                         (55),
                         (56),
                         (57),
                         (58),
                         (59),
                         (60),
                         (61),
                         (62),
                         (63),
                         (64),
                         (65),
                         (66),
                         (67),
                         (68),
                         (69),
                         (70),
                         (71),
                         (72),
                         (73),
                         (74),
                         (75),
                         (76),
                         (77),
                         (78),
                         (79),
                         (80),
                         (81),
                         (82),
                         (83),
                         (84),
                         (85),
                         (86),
                         (87),
                         (88),
                         (89),
                         (91),
                         (93),
                         (94),
                         (95),
                         (97),
                         (99),
                         (100),
                         (101);

-- SAISONS
INSERT INTO Saison (idSerie, num, nbEpisodes, dateSortie) VALUES (1, 1, 53, '2010-04-03'),
                                                                 (1, 2, 19, '2013-01-17'),
                                                                 (1, 3, 59, '2019-01-04'),
                                                                 (2, 1, 45, '1968-10-28'),
                                                                 (2, 2, 29, '2014-09-19'),
                                                                 (2, 3, 49, '2018-04-20'),
                                                                 (2, 4, 41, '2020-11-27'),
                                                                 (4, 1, 49, '1993-12-03'),
                                                                 (4, 2, 43, '2011-06-23'),
                                                                 (4, 3, 64, '2018-01-26'),
                                                                 (4, 4, 23, '2018-05-09'),
                                                                 (5, 1, 38, '1998-02-07'),
                                                                 (5, 2, 17, '2016-01-25'),
                                                                 (5, 3, 32, '2019-12-07'),
                                                                 (5, 4, 51, '2020-04-29'),
                                                                 (6, 1, 62, '2006-08-29'),
                                                                 (6, 2, 30, '2012-12-11'),
                                                                 (6, 3, 38, '2018-03-08'),
                                                                 (6, 4, 55, '2018-04-06'),
                                                                 (6, 5, 17, '2018-11-16'),
                                                                 (7, 1, 58, '1982-02-27'),
                                                                 (7, 2, 35, '2016-10-09'),
                                                                 (7, 3, 51, '2018-01-18'),
                                                                 (8, 1, 62, '1985-02-16'),
                                                                 (8, 2, 22, '1994-11-16'),
                                                                 (8, 3, 44, '2016-08-16'),
                                                                 (8, 4, 21, '2020-11-21'),
                                                                 (9, 1, 48, '1980-12-09'),
                                                                 (9, 2, 17, '1994-02-02'),
                                                                 (9, 3, 50, '2015-02-11'),
                                                                 (9, 4, 27, '2017-12-06'),
                                                                 (12, 1, 60, '1977-07-07'),
                                                                 (12, 2, 49, '2013-12-03'),
                                                                 (12, 3, 30, '2014-09-01'),
                                                                 (12, 4, 60, '2015-04-08'),
                                                                 (12, 5, 42, '2016-06-09'),
                                                                 (13, 1, 39, '2011-12-15'),
                                                                 (13, 2, 47, '2016-06-29'),
                                                                 (13, 3, 50, '2019-02-17'),
                                                                 (13, 4, 19, '2020-07-09'),
                                                                 (13, 5, 41, '2020-09-14'),
                                                                 (13, 6, 30, '2020-11-27'),
                                                                 (13, 7, 46, '2020-12-30'),
                                                                 (13, 8, 18, '2021-01-07'),
                                                                 (14, 1, 28, '1991-09-23'),
                                                                 (14, 2, 29, '2007-10-26'),
                                                                 (14, 3, 48, '2011-07-10'),
                                                                 (14, 4, 52, '2012-07-10'),
                                                                 (15, 1, 43, '1965-11-06'),
                                                                 (15, 2, 30, '1992-09-20'),
                                                                 (15, 3, 63, '2011-01-12'),
                                                                 (16, 1, 19, '2000-10-24'),
                                                                 (16, 2, 25, '2007-01-17'),
                                                                 (16, 3, 35, '2013-01-12'),
                                                                 (16, 4, 39, '2015-10-25'),
                                                                 (16, 5, 26, '2016-08-01'),
                                                                 (16, 6, 28, '2019-07-25'),
                                                                 (17, 1, 23, '1962-01-18'),
                                                                 (17, 2, 45, '2007-12-04'),
                                                                 (17, 3, 42, '2015-12-04'),
                                                                 (17, 4, 57, '2017-12-03'),
                                                                 (18, 1, 31, '2005-05-02'),
                                                                 (18, 2, 23, '2010-01-07'),
                                                                 (18, 3, 12, '2013-01-31'),
                                                                 (19, 1, 20, '1974-05-01'),
                                                                 (19, 2, 13, '2012-03-18'),
                                                                 (19, 3, 63, '2015-10-29'),
                                                                 (20, 1, 40, '1987-11-10'),
                                                                 (21, 1, 34, '1976-01-18'),
                                                                 (21, 2, 63, '1992-04-15'),
                                                                 (22, 1, 58, '1965-01-19'),
                                                                 (23, 1, 43, '2001-09-23'),
                                                                 (23, 2, 9, '2007-10-06'),
                                                                 (23, 3, 19, '2010-05-28'),
                                                                 (23, 4, 10, '2016-08-14'),
                                                                 (24, 1, 56, '2002-10-27'),
                                                                 (25, 1, 25, '1975-08-31'),
                                                                 (26, 1, 62, '1983-04-21'),
                                                                 (26, 2, 46, '2004-02-05'),
                                                                 (26, 3, 36, '2004-06-12'),
                                                                 (28, 1, 62, '1979-06-09'),
                                                                 (28, 2, 13, '2012-10-19'),
                                                                 (30, 1, 32, '2010-04-19'),
                                                                 (30, 2, 18, '2016-03-29'),
                                                                 (30, 3, 40, '2017-08-05'),
                                                                 (31, 1, 36, '1987-09-27'),
                                                                 (31, 2, 25, '2016-10-10'),
                                                                 (31, 3, 34, '2019-08-14'),
                                                                 (31, 4, 7, '2020-07-24'),
                                                                 (31, 5, 30, '2020-09-05'),
                                                                 (32, 1, 41, '1960-06-26'),
                                                                 (32, 2, 15, '2011-06-16'),
                                                                 (32, 3, 35, '2020-07-22'),
                                                                 (33, 1, 28, '1989-03-27'),
                                                                 (33, 2, 10, '2014-11-07'),
                                                                 (33, 3, 57, '2017-12-30'),
                                                                 (34, 1, 27, '1992-03-30'),
                                                                 (34, 2, 40, '2004-11-10'),
                                                                 (34, 3, 19, '2019-10-13'),
                                                                 (34, 4, 42, '2020-06-12'),
                                                                 (34, 5, 62, '2020-09-14'),
                                                                 (34, 6, 14, '2020-12-06'),
                                                                 (35, 1, 9, '1973-06-13'),
                                                                 (35, 2, 17, '2001-07-13'),
                                                                 (35, 3, 22, '2009-03-15'),
                                                                 (35, 4, 37, '2015-10-08'),
                                                                 (36, 1, 18, '2001-05-04'),
                                                                 (36, 2, 19, '2007-04-07'),
                                                                 (36, 3, 21, '2010-01-07'),
                                                                 (36, 4, 60, '2020-09-04'),
                                                                 (38, 1, 34, '2004-09-04'),
                                                                 (38, 2, 25, '2008-03-20'),
                                                                 (40, 1, 21, '1970-06-01'),
                                                                 (40, 2, 18, '1981-07-24'),
                                                                 (41, 1, 52, '1996-10-14'),
                                                                 (41, 2, 12, '2006-05-01'),
                                                                 (41, 3, 14, '2016-02-23'),
                                                                 (42, 1, 20, '1968-03-16'),
                                                                 (42, 2, 63, '2000-06-13'),
                                                                 (42, 3, 32, '2008-01-30'),
                                                                 (42, 4, 7, '2012-09-21'),
                                                                 (43, 1, 55, '2001-05-21'),
                                                                 (44, 1, 62, '1976-07-31'),
                                                                 (44, 2, 51, '1980-06-20'),
                                                                 (45, 1, 62, '1975-02-09'),
                                                                 (45, 2, 20, '1990-01-15'),
                                                                 (45, 3, 37, '2003-05-15'),
                                                                 (46, 1, 49, '1979-01-08'),
                                                                 (46, 2, 29, '1993-10-02'),
                                                                 (47, 1, 27, '2008-04-25'),
                                                                 (47, 2, 15, '2016-03-06'),
                                                                 (47, 3, 53, '2016-07-20'),
                                                                 (47, 4, 8, '2019-09-05'),
                                                                 (47, 5, 33, '2020-10-28'),
                                                                 (47, 6, 64, '2020-12-19'),
                                                                 (47, 7, 32, '2021-01-01'),
                                                                 (48, 1, 28, '1990-07-14'),
                                                                 (48, 2, 52, '1997-07-21'),
                                                                 (49, 1, 31, '2000-01-03'),
                                                                 (49, 2, 15, '2000-11-16'),
                                                                 (49, 3, 36, '2001-04-03'),
                                                                 (50, 1, 56, '1998-04-13'),
                                                                 (50, 2, 57, '2013-07-03'),
                                                                 (50, 3, 19, '2017-05-20'),
                                                                 (51, 1, 52, '1964-07-25'),
                                                                 (51, 2, 17, '1984-06-03'),
                                                                 (51, 3, 60, '1992-02-10'),
                                                                 (51, 4, 54, '2011-12-10'),
                                                                 (51, 5, 50, '2017-12-07'),
                                                                 (52, 1, 30, '1966-11-20'),
                                                                 (52, 2, 61, '2004-07-27'),
                                                                 (53, 1, 56, '1968-10-16'),
                                                                 (54, 1, 22, '1998-02-25'),
                                                                 (55, 1, 49, '2006-06-07'),
                                                                 (55, 2, 33, '2007-06-01'),
                                                                 (55, 3, 50, '2019-03-07'),
                                                                 (55, 4, 33, '2020-11-28'),
                                                                 (55, 5, 61, '2020-12-20'),
                                                                 (56, 1, 41, '1965-03-17'),
                                                                 (56, 2, 27, '1988-06-27'),
                                                                 (56, 3, 12, '2009-10-27'),
                                                                 (57, 1, 11, '2013-07-27'),
                                                                 (57, 2, 37, '2017-03-14'),
                                                                 (57, 3, 38, '2017-11-30'),
                                                                 (58, 1, 53, '2006-12-22'),
                                                                 (58, 2, 58, '2017-05-19'),
                                                                 (58, 3, 10, '2019-11-01'),
                                                                 (59, 1, 57, '2011-05-23'),
                                                                 (59, 2, 55, '2016-07-06'),
                                                                 (59, 3, 33, '2020-10-26'),
                                                                 (60, 1, 49, '1997-05-16'),
                                                                 (60, 2, 52, '2005-04-06'),
                                                                 (60, 3, 43, '2013-07-23'),
                                                                 (60, 4, 33, '2017-11-27'),
                                                                 (60, 5, 19, '2020-09-15'),
                                                                 (61, 1, 48, '1973-02-26'),
                                                                 (62, 1, 59, '1995-10-19'),
                                                                 (62, 2, 56, '2002-12-29'),
                                                                 (62, 3, 40, '2014-07-24'),
                                                                 (63, 1, 20, '1986-01-04'),
                                                                 (63, 2, 22, '1999-03-18'),
                                                                 (63, 3, 25, '2006-11-04'),
                                                                 (64, 1, 29, '1961-05-31'),
                                                                 (64, 2, 16, '2017-01-18'),
                                                                 (65, 1, 46, '1976-12-13'),
                                                                 (65, 2, 31, '2001-10-14'),
                                                                 (65, 3, 50, '2008-08-24'),
                                                                 (65, 4, 31, '2016-11-03'),
                                                                 (65, 5, 12, '2020-09-18'),
                                                                 (65, 6, 54, '2020-10-13'),
                                                                 (65, 7, 9, '2020-10-29'),
                                                                 (65, 8, 43, '2020-11-09'),
                                                                 (66, 1, 8, '1971-08-08'),
                                                                 (66, 2, 22, '2019-12-12'),
                                                                 (66, 3, 21, '2020-01-19'),
                                                                 (66, 4, 21, '2020-06-17'),
                                                                 (67, 1, 19, '1974-09-22'),
                                                                 (67, 2, 11, '1991-03-26'),
                                                                 (67, 3, 25, '1994-07-02'),
                                                                 (67, 4, 34, '2008-06-06'),
                                                                 (67, 5, 53, '2020-07-18'),
                                                                 (68, 1, 63, '2011-07-02'),
                                                                 (68, 2, 26, '2013-11-28'),
                                                                 (69, 1, 25, '1982-10-16'),
                                                                 (69, 2, 16, '2010-07-11'),
                                                                 (69, 3, 51, '2010-12-01'),
                                                                 (69, 4, 30, '2016-10-07'),
                                                                 (70, 1, 19, '1977-10-15'),
                                                                 (70, 2, 30, '1987-04-27'),
                                                                 (71, 1, 14, '1972-06-23'),
                                                                 (71, 2, 34, '1987-07-20'),
                                                                 (71, 3, 60, '2016-03-16'),
                                                                 (71, 4, 32, '2017-02-17'),
                                                                 (71, 5, 62, '2019-09-14'),
                                                                 (71, 6, 30, '2020-11-03'),
                                                                 (71, 7, 45, '2020-12-24'),
                                                                 (72, 1, 19, '1990-01-12'),
                                                                 (72, 2, 31, '2007-11-13'),
                                                                 (72, 3, 17, '2012-02-19'),
                                                                 (72, 4, 19, '2018-07-31'),
                                                                 (72, 5, 25, '2019-10-27'),
                                                                 (72, 6, 33, '2019-12-17'),
                                                                 (72, 7, 30, '2020-03-27'),
                                                                 (72, 8, 13, '2020-12-25'),
                                                                 (73, 1, 17, '1989-04-01'),
                                                                 (73, 2, 48, '2000-10-02'),
                                                                 (74, 1, 11, '2003-12-19'),
                                                                 (74, 2, 15, '2009-08-15'),
                                                                 (74, 3, 21, '2018-05-10'),
                                                                 (74, 4, 37, '2019-02-22'),
                                                                 (75, 1, 35, '1960-05-21'),
                                                                 (75, 2, 33, '1965-11-29'),
                                                                 (76, 1, 53, '2013-02-10'),
                                                                 (76, 2, 9, '2018-08-15'),
                                                                 (76, 3, 21, '2019-10-20'),
                                                                 (77, 1, 62, '1975-01-10'),
                                                                 (77, 2, 53, '1999-08-25'),
                                                                 (78, 1, 64, '1985-09-20'),
                                                                 (78, 2, 59, '2018-06-19'),
                                                                 (79, 1, 11, '1989-09-21'),
                                                                 (79, 2, 25, '2004-01-04'),
                                                                 (79, 3, 28, '2008-04-19'),
                                                                 (80, 1, 11, '2011-01-19'),
                                                                 (80, 2, 48, '2018-03-18'),
                                                                 (80, 3, 55, '2019-12-30'),
                                                                 (81, 1, 62, '2006-01-06'),
                                                                 (81, 2, 20, '2013-09-02'),
                                                                 (81, 3, 29, '2014-07-20'),
                                                                 (82, 1, 7, '1985-09-02'),
                                                                 (82, 2, 39, '2004-05-22'),
                                                                 (83, 1, 42, '1990-11-11'),
                                                                 (83, 2, 20, '2020-11-17'),
                                                                 (83, 3, 20, '2020-11-20'),
                                                                 (83, 4, 54, '2020-12-09'),
                                                                 (83, 5, 26, '2020-12-14'),
                                                                 (84, 1, 54, '1986-05-01'),
                                                                 (84, 2, 8, '1993-09-04'),
                                                                 (84, 3, 13, '2003-07-25'),
                                                                 (84, 4, 16, '2004-09-15'),
                                                                 (85, 1, 8, '1975-03-09'),
                                                                 (85, 2, 30, '1992-08-15'),
                                                                 (85, 3, 41, '2005-05-29'),
                                                                 (85, 4, 22, '2018-02-10'),
                                                                 (85, 5, 16, '2019-05-26'),
                                                                 (86, 1, 36, '1969-12-23'),
                                                                 (86, 2, 35, '2010-01-31'),
                                                                 (86, 3, 59, '2013-08-19'),
                                                                 (86, 4, 14, '2016-08-25'),
                                                                 (88, 1, 17, '1962-03-08'),
                                                                 (88, 2, 43, '1997-08-02'),
                                                                 (88, 3, 35, '2012-06-27'),
                                                                 (89, 1, 39, '2003-07-05'),
                                                                 (89, 2, 61, '2004-01-26'),
                                                                 (89, 3, 7, '2010-02-03'),
                                                                 (91, 1, 18, '1976-07-20'),
                                                                 (91, 2, 11, '2016-09-01'),
                                                                 (91, 3, 34, '2016-10-07'),
                                                                 (91, 4, 22, '2019-06-11'),
                                                                 (91, 5, 20, '2019-10-18'),
                                                                 (91, 6, 38, '2020-10-02'),
                                                                 (91, 7, 7, '2020-10-27'),
                                                                 (93, 1, 60, '2008-05-15'),
                                                                 (93, 2, 16, '2014-07-02'),
                                                                 (93, 3, 22, '2019-05-24'),
                                                                 (93, 4, 35, '2020-08-30'),
                                                                 (93, 5, 27, '2020-11-15'),
                                                                 (94, 1, 45, '1968-05-26'),
                                                                 (94, 2, 13, '1968-09-23'),
                                                                 (95, 1, 33, '1985-04-25'),
                                                                 (95, 2, 12, '2019-05-02'),
                                                                 (95, 3, 14, '2020-06-03'),
                                                                 (95, 4, 18, '2020-08-03'),
                                                                 (95, 5, 59, '2020-11-30'),
                                                                 (97, 1, 44, '1993-12-30'),
                                                                 (97, 2, 10, '1995-10-07'),
                                                                 (97, 3, 34, '2007-07-03'),
                                                                 (97, 4, 53, '2015-02-27'),
                                                                 (97, 5, 8, '2018-11-26'),
                                                                 (99, 1, 40, '1989-05-04'),
                                                                 (99, 2, 28, '1998-03-21');


-- DOUBLEURS
INSERT INTO Personne (nom, prenom, dateNaissance, sexe) VALUES ('Hamakawa', 'Roku', '1982-09-26', 'homme'),
                                                               ('Kozue', 'Yoshisada', '2006-08-25', 'homme'),
                                                               ('Yoshimoto', 'Montaro', '2005-05-18', 'homme'),
                                                               ('Fukuhara', 'Kimitada', '1978-12-06', 'homme'),
                                                               ('Shimamoto', 'Yoshihide', '1983-05-20', 'homme'),
                                                               ('Shimamoto', 'Juichi', '1979-12-25', 'homme'),
                                                               ('Nakada', 'Eishi', '1956-07-22', 'homme'),
                                                               ('Kikuchi', 'Keiki', '1979-08-09', 'homme'),
                                                               ('Sakurai', 'Morimasa', '1971-09-19', 'homme'),
                                                               ('Sakimoto', 'Harunobu', '2009-10-06', 'homme'),
                                                               ('Nashio', 'Yoritoki', '1970-01-25', 'homme'),
                                                               ('Kuronuma', 'Matabei', '2005-09-10', 'homme'),
                                                               ('Kuno', 'Suketsune', '1985-08-18', 'homme'),
                                                               ('Taira', 'Rintaro', '1971-05-06', 'homme'),
                                                               ('Hachimitsu', 'Tomohiko', '1999-02-02', 'homme'),
                                                               ('Ogawa', 'Masutaro', '1955-03-14', 'homme'),
                                                               ('Ikeda', 'Suzu', '1967-10-29', 'homme'),
                                                               ('Miyabe', 'Shigenobu', '1963-06-23', 'homme'),
                                                               ('Akagi', 'ShinriKiyaru', '1974-10-23', 'homme'),
                                                               ('Chiba', 'Ekiken', '1993-05-31', 'homme'),
                                                               ('Kanda', 'Naomi', '1950-01-27', 'femme'),
                                                               ('Uchikoshi', 'Chifumi', '1998-10-21', 'femme'),
                                                               ('Hirota', 'Kame', '1979-10-25', 'femme'),
                                                               ('Miyoshi', 'Ichi', '1987-10-26', 'femme'),
                                                               ('Tsukiyomi', 'Kaya', '2001-03-11', 'femme'),
                                                               ('Uematsu', 'Kaya', '1975-08-23', 'femme'),
                                                               ('Uno', 'Ichiho', '1986-08-26', 'femme'),
                                                               ('Hoshino', 'Yone', '1964-04-25', 'femme'),
                                                               ('Nitta', 'Tazu', '1997-04-27', 'femme'),
                                                               ('Samon', 'Kimie', '1972-09-21', 'femme'),
                                                               ('Naito', 'Tanak', '1954-09-24', 'femme'),
                                                               ('Shiraishi', 'Chiyuri', '1960-03-04', 'femme'),
                                                               ('Hagiwara', 'Kazu', '1990-05-13', 'femme'),
                                                               ('Muto', 'Hoshiyo', '1995-11-13', 'femme'),
                                                               ('Demura', 'Yukari', '1971-10-09', 'femme'),
                                                               ('Yazawa', 'Yoshi', '1957-03-28', 'femme'),
                                                               ('Shimamoto', 'Yuyu', '1986-08-21', 'femme'),
                                                               ('Kashiwagi', 'Namie', '1970-08-16', 'femme'),
                                                               ('Okumura', 'Michi', '2002-11-24', 'femme'),
                                                               ('Yamashina', 'Yasu', '1971-10-14', 'femme'),
                                                               ('Clementine','Larsen','2007-02-26', 'femme'),
                                                               ('Kim','Ewing','2005-07-23', 'femme'),
                                                               ('Larissa','Reeves','1991-04-08', 'femme'),
                                                               ('Uta','Conrad','2002-11-19', 'femme'),
                                                               ('Tasha','Marsh','1987-04-20', 'femme'),
                                                               ('Ayanna','Camacho','1983-08-13', 'femme'),
                                                               ('Brenda','Crane','2005-02-02', 'femme'),
                                                               ('Dahlia','Valenzuela','2003-02-02', 'femme'),
                                                               ('Suki','Ferrell','1987-01-12', 'femme'),
                                                               ('Doris','Tate','2000-11-16', 'femme'),
                                                               ('Brenda','Langley','1995-12-26', 'femme'),
                                                               ('Yetta','Castro','1993-11-14', 'femme'),
                                                               ('Kaden','Luna','1995-05-05', 'femme'),
                                                               ('Helen','Hughes','1998-07-06', 'femme'),
                                                               ('Magee','Delacruz','1997-06-21', 'homme'),
                                                               ('Garrison','Maynard','1989-12-14', 'homme'),
                                                               ('Noble','Dean','2006-05-24', 'homme'),
                                                               ('Colby','Schmidt','1999-07-12', 'homme'),
                                                               ('Drake','Acosta','1990-05-02', 'homme'),
                                                               ('Michael','Booth','2003-08-12', 'homme'),
                                                               ('Colt','Pace','2002-11-06', 'homme'),
                                                               ('Patrick','Owen','1997-03-26', 'homme'),
                                                               ('Blake','Walters','2004-03-26', 'homme'),
                                                               ('Quamar','Knapp','1988-02-05', 'homme'),
                                                               ('Ciaran','Wells','2007-02-27', 'homme'),
                                                               ('Basil','Cunningham','1987-06-22', 'homme'),
                                                               ('Rajah','Banks','1989-10-04', 'homme'),
                                                               ('Francis','Jacobson','1991-01-19', 'homme'),
                                                               ('Mason','Delacruz','1987-03-07', 'homme'),
                                                               ('Merrill','Mullins','1993-06-20', 'homme'),
                                                               ('Cullen','Whitley','1996-09-15', 'homme'),
                                                               ('root','root','2000-01-01', 'autre');

INSERT INTO Doubleur VALUES (1),
                            (2),
                            (3),
                            (4),
                            (5),
                            (6),
                            (7),
                            (8),
                            (9),
                            (10),
                            (11),
                            (12),
                            (13),
                            (14),
                            (15),
                            (16),
                            (17),
                            (18),
                            (19),
                            (20),
                            (21),
                            (22),
                            (23),
                            (24),
                            (25),
                            (26),
                            (27),
                            (28),
                            (29),
                            (30),
                            (31),
                            (32),
                            (33),
                            (34),
                            (35),
                            (36),
                            (37),
                            (38),
                            (39),
                            (40);

-- DOUBLEURS PAR MEDIAS
INSERT INTO Doubleur_Media VALUES (13, 35),
                                  (33, 38),
                                  (17, 31),
                                  (12, 48),
                                  (9, 90),
                                  (6, 47),
                                  (26, 89),
                                  (18, 90),
                                  (20, 59),
                                  (37, 25),
                                  (23, 65),
                                  (10, 96),
                                  (32, 51),
                                  (35, 87),
                                  (25, 29),
                                  (29, 24),
                                  (26, 34),
                                  (30, 19),
                                  (36, 30),
                                  (40, 90),
                                  (35, 95),
                                  (29, 59),
                                  (39, 39),
                                  (36, 71),
                                  (2, 60),
                                  (12, 44),
                                  (35, 10),
                                  (23, 81),
                                  (38, 11),
                                  (37, 97),
                                  (18, 77),
                                  (25, 43),
                                  (27, 19),
                                  (14, 84),
                                  (12, 76),
                                  (25, 5),
                                  (30, 78),
                                  (34, 5),
                                  (15, 14),
                                  (35, 78),
                                  (2, 23),
                                  (12, 91),
                                  (29, 14),
                                  (31, 97),
                                  (37, 23),
                                  (13, 84),
                                  (28, 36),
                                  (3, 74),
                                  (10, 79),
                                  (38, 95),
                                  (37, 78),
                                  (13, 77),
                                  (23, 55),
                                  (28, 62),
                                  (8, 87),
                                  (31, 19),
                                  (2, 7),
                                  (34, 3),
                                  (14, 17),
                                  (8, 97),
                                  (7, 54),
                                  (36, 21),
                                  (13, 68),
                                  (19, 5),
                                  (21, 67),
                                  (5, 77),
                                  (25, 47),
                                  (33, 52),
                                  (7, 34),
                                  (24, 59),
                                  (23, 36),
                                  (16, 29),
                                  (7, 48),
                                  (21, 82),
                                  (25, 78),
                                  (31, 15),
                                  (27, 66),
                                  (38, 41),
                                  (8, 21),
                                  (29, 12),
                                  (36, 35),
                                  (5, 12),
                                  (5, 55),
                                  (9, 32),
                                  (13, 81),
                                  (38, 21),
                                  (15, 26),
                                  (39, 56),
                                  (34, 11),
                                  (13, 2),
                                  (30, 32),
                                  (21, 76),
                                  (32, 58),
                                  (37, 16),
                                  (18, 82),
                                  (7, 23),
                                  (38, 75),
                                  (16, 72),
                                  (31, 94),
                                  (19, 53),
                                  (27, 47),
                                  (34, 55),
                                  (15, 97),
                                  (1, 6),
                                  (3, 55),
                                  (40, 61),
                                  (3, 53),
                                  (11, 34),
                                  (23, 28),
                                  (22, 5),
                                  (25, 36),
                                  (17, 72),
                                  (3, 58),
                                  (3, 71),
                                  (36, 28),
                                  (19, 57),
                                  (16, 69),
                                  (29, 27),
                                  (19, 33),
                                  (26, 31),
                                  (28, 88),
                                  (3, 87),
                                  (25, 39),
                                  (13, 7),
                                  (34, 23),
                                  (14, 12),
                                  (39, 49),
                                  (5, 78),
                                  (15, 75),
                                  (22, 17),
                                  (24, 35),
                                  (25, 62),
                                  (9, 96),
                                  (13, 72),
                                  (38, 17),
                                  (37, 96),
                                  (14, 30),
                                  (38, 60),
                                  (40, 66),
                                  (37, 79),
                                  (37, 39),
                                  (24, 19),
                                  (6, 30),
                                  (10, 84),
                                  (34, 69),
                                  (9, 81),
                                  (16, 5),
                                  (26, 7),
                                  (7, 42),
                                  (2, 18),
                                  (20, 91),
                                  (31, 80),
                                  (29, 2),
                                  (10, 33),
                                  (7, 96),
                                  (12, 98),
                                  (32, 55),
                                  (30, 72),
                                  (13, 92),
                                  (2, 58),
                                  (9, 1),
                                  (37, 88),
                                  (19, 90),
                                  (29, 20),
                                  (36, 11),
                                  (16, 1),
                                  (5, 101),
                                  (14, 19),
                                  (26, 16),
                                  (27, 12),
                                  (4, 48),
                                  (39, 14),
                                  (1, 41),
                                  (38, 32),
                                  (25, 73),
                                  (23, 13),
                                  (16, 48),
                                  (39, 34),
                                  (31, 40),
                                  (30, 98),
                                  (17, 27),
                                  (25, 38),
                                  (28, 94),
                                  (12, 51),
                                  (11, 58),
                                  (36, 46),
                                  (9, 37),
                                  (3, 98),
                                  (21, 94),
                                  (29, 65),
                                  (11, 71),
                                  (8, 91),
                                  (8, 60),
                                  (25, 7),
                                  (39, 101),
                                  (15, 58),
                                  (27, 16),
                                  (7, 13),
                                  (19, 49),
                                  (1, 36),
                                  (32, 18),
                                  (6, 59),
                                  (37, 72),
                                  (11, 94),
                                  (26, 98),
                                  (25, 97),
                                  (14, 39),
                                  (5, 3),
                                  (9, 26),
                                  (15, 12),
                                  (38, 16),
                                  (40, 64),
                                  (17, 53),
                                  (14, 101),
                                  (19, 41),
                                  (31, 6),
                                  (1, 59),
                                  (36, 34),
                                  (22, 53),
                                  (19, 69),
                                  (24, 50),
                                  (16, 35),
                                  (4, 93),
                                  (29, 35),
                                  (40, 98),
                                  (35, 44),
                                  (10, 6),
                                  (20, 23),
                                  (34, 20),
                                  (28, 13),
                                  (31, 8),
                                  (31, 86),
                                  (5, 67),
                                  (4, 83),
                                  (15, 8),
                                  (13, 27),
                                  (19, 64),
                                  (36, 17),
                                  (21, 79),
                                  (31, 11),
                                  (20, 51),
                                  (25, 67),
                                  (31, 61),
                                  (7, 9),
                                  (21, 92),
                                  (6, 88),
                                  (16, 34),
                                  (7, 94),
                                  (20, 26),
                                  (39, 96),
                                  (27, 86),
                                  (17, 73),
                                  (23, 94),
                                  (5, 44),
                                  (6, 73),
                                  (29, 17),
                                  (8, 24),
                                  (18, 72),
                                  (36, 53),
                                  (32, 20),
                                  (6, 35),
                                  (5, 64),
                                  (22, 31),
                                  (2, 90),
                                  (2, 79),
                                  (28, 77),
                                  (10, 68),
                                  (4, 35),
                                  (18, 97),
                                  (15, 32),
                                  (39, 41),
                                  (20, 12),
                                  (38, 48),
                                  (2, 99),
                                  (3, 50),
                                  (14, 75),
                                  (24, 23),
                                  (26, 94),
                                  (15, 101),
                                  (32, 63),
                                  (27, 42),
                                  (19, 30),
                                  (4, 91),
                                  (5, 75),
                                  (17, 36),
                                  (40, 89),
                                  (35, 43),
                                  (36, 4),
                                  (13, 56),
                                  (2, 69),
                                  (25, 40),
                                  (37, 47),
                                  (32, 97),
                                  (37, 7),
                                  (8, 5),
                                  (1, 51),
                                  (17, 10),
                                  (3, 22),
                                  (26, 36),
                                  (10, 78),
                                  (19, 6),
                                  (18, 37),
                                  (24, 9),
                                  (36, 1),
                                  (5, 50),
                                  (15, 54),
                                  (31, 28),
                                  (39, 4),
                                  (20, 35),
                                  (8, 23),
                                  (28, 31),
                                  (8, 33),
                                  (34, 24),
                                  (6, 1),
                                  (26, 2),
                                  (25, 17),
                                  (35, 80),
                                  (26, 17),
                                  (6, 99),
                                  (20, 79),
                                  (15, 73),
                                  (3, 49),
                                  (9, 92),
                                  (33, 99),
                                  (22, 12),
                                  (33, 19),
                                  (40, 84),
                                  (27, 22),
                                  (4, 1),
                                  (21, 72),
                                  (23, 93),
                                  (24, 55),
                                  (15, 18),
                                  (13, 85),
                                  (38, 99),
                                  (8, 63),
                                  (4, 88),
                                  (10, 97),
                                  (27, 54),
                                  (23, 20),
                                  (40, 70),
                                  (31, 95),
                                  (17, 25),
                                  (29, 98),
                                  (17, 26),
                                  (5, 60),
                                  (1, 95),
                                  (29, 5),
                                  (14, 27),
                                  (2, 39),
                                  (35, 3),
                                  (32, 33),
                                  (19, 52),
                                  (16, 45),
                                  (35, 94),
                                  (9, 56),
                                  (36, 42),
                                  (10, 76),
                                  (13, 1),
                                  (32, 67),
                                  (21, 47),
                                  (17, 35),
                                  (9, 27),
                                  (27, 17),
                                  (8, 48),
                                  (25, 4),
                                  (18, 61),
                                  (1, 90),
                                  (11, 3),
                                  (34, 63),
                                  (30, 59),
                                  (36, 66),
                                  (6, 36),
                                  (7, 99),
                                  (22, 78),
                                  (32, 73),
                                  (10, 82),
                                  (21, 19),
                                  (11, 66),
                                  (26, 91),
                                  (37, 20),
                                  (5, 91),
                                  (24, 52),
                                  (3, 61),
                                  (20, 11),
                                  (15, 40),
                                  (4, 54),
                                  (13, 26),
                                  (21, 98),
                                  (30, 53),
                                  (24, 30),
                                  (14, 14),
                                  (19, 54),
                                  (22, 87),
                                  (34, 66),
                                  (8, 61),
                                  (27, 1),
                                  (14, 45),
                                  (5, 39),
                                  (39, 35),
                                  (3, 95),
                                  (7, 33),
                                  (39, 21),
                                  (29, 83),
                                  (17, 48),
                                  (38, 9),
                                  (18, 59),
                                  (40, 35),
                                  (28, 82),
                                  (36, 56),
                                  (37, 45),
                                  (18, 81),
                                  (24, 71),
                                  (34, 98),
                                  (2, 19),
                                  (25, 71),
                                  (7, 7),
                                  (12, 95),
                                  (2, 93),
                                  (17, 75),
                                  (2, 22),
                                  (34, 25),
                                  (34, 30),
                                  (7, 5),
                                  (20, 21),
                                  (23, 62),
                                  (14, 60),
                                  (32, 66),
                                  (34, 62),
                                  (34, 53),
                                  (31, 13),
                                  (5, 21),
                                  (8, 101),
                                  (27, 15),
                                  (7, 22),
                                  (21, 86),
                                  (7, 36),
                                  (25, 58),
                                  (32, 23),
                                  (34, 32),
                                  (16, 54),
                                  (14, 48),
                                  (23, 82),
                                  (32, 16),
                                  (17, 100),
                                  (28, 6),
                                  (31, 9),
                                  (17, 54),
                                  (36, 10),
                                  (22, 42),
                                  (27, 28),
                                  (22, 99),
                                  (23, 15),
                                  (20, 96),
                                  (20, 63),
                                  (15, 62),
                                  (37, 17),
                                  (8, 51),
                                  (21, 38),
                                  (11, 82),
                                  (10, 9),
                                  (21, 29),
                                  (3, 11),
                                  (15, 48),
                                  (1, 25),
                                  (20, 92),
                                  (20, 97),
                                  (3, 32),
                                  (26, 6),
                                  (35, 97),
                                  (12, 7);

-- UTILISATEUR
INSERT INTO Utilisateur (email, pseudo, password, idPersonne)
VALUES
('risus@elit.edu', 'Mckee', '$2y$10$1YmuRLhzGUuv96f4sGKMbeIrhcZly9B39EA3G2/ow5ah9h7/lkvfK', 41),
('adipiscing@luctusCurabitur.org', 'Vance', '$2y$10$1YmuRLhzGUuv96f4sGKMbeIrhcZly9B39EA3G2/ow5ah9h7/lkvfK', 42),
('pede@nonluctussit.co.uk', 'Johnston', '$2y$10$1YmuRLhzGUuv96f4sGKMbeIrhcZly9B39EA3G2/ow5ah9h7/lkvfK', 43),
('libero@tellus.edu', 'Richmond', '$2y$10$1YmuRLhzGUuv96f4sGKMbeIrhcZly9B39EA3G2/ow5ah9h7/lkvfK', 44),
('Mauris@eu.net', 'Winters', '$2y$10$1YmuRLhzGUuv96f4sGKMbeIrhcZly9B39EA3G2/ow5ah9h7/lkvfK', 45),
('Lorem@antedictumcursus.edu', 'Petty', '$2y$10$1YmuRLhzGUuv96f4sGKMbeIrhcZly9B39EA3G2/ow5ah9h7/lkvfK', 46),
('Duis.elementum.dui@placerateget.net', 'Cameron', '$2y$10$1YmuRLhzGUuv96f4sGKMbeIrhcZly9B39EA3G2/ow5ah9h7/lkvfK', 47),
('orci.Ut@inlobortis.co.uk', 'Donovan', '$2y$10$1YmuRLhzGUuv96f4sGKMbeIrhcZly9B39EA3G2/ow5ah9h7/lkvfK', 48),
('gravida.mauris.ut@scelerisquelorem.co.uk', 'Petersen', '$2y$10$1YmuRLhzGUuv96f4sGKMbeIrhcZly9B39EA3G2/ow5ah9h7/lkvfK', 49),
('euismod@musProinvel.net', 'Jackson','$2y$10$1YmuRLhzGUuv96f4sGKMbeIrhcZly9B39EA3G2/ow5ah9h7/lkvfK', 50),
('arcu.Sed@nonsapienmolestie.edu', 'Key', '$2y$10$1YmuRLhzGUuv96f4sGKMbeIrhcZly9B39EA3G2/ow5ah9h7/lkvfK', 51),
('porttitor@Aliquam.net', 'Simmons', '$2y$10$1YmuRLhzGUuv96f4sGKMbeIrhcZly9B39EA3G2/ow5ah9h7/lkvfK', 52),
('Integer@tristiquesenectuset.ca', 'Serrano', '$2y$10$1YmuRLhzGUuv96f4sGKMbeIrhcZly9B39EA3G2/ow5ah9h7/lkvfK', 53),
('magna.sed@fringilla.net', 'Page', '$2y$10$1YmuRLhzGUuv96f4sGKMbeIrhcZly9B39EA3G2/ow5ah9h7/lkvfK', 54),
('lectus@nonfeugiatnec.com', 'Morrison', '$2y$10$1YmuRLhzGUuv96f4sGKMbeIrhcZly9B39EA3G2/ow5ah9h7/lkvfK', 55),
('Nullam.velit.dui@placerataugue.ca', 'Steeve', '$2y$10$1YmuRLhzGUuv96f4sGKMbeIrhcZly9B39EA3G2/ow5ah9h7/lkvfK', 56),
('In.at.pede@Donec.co.uk', 'Mcleod', '$2y$10$1YmuRLhzGUuv96f4sGKMbeIrhcZly9B39EA3G2/ow5ah9h7/lkvfK', 57),
('In@commodoatlibero.co.uk', 'Cortez', '$2y$10$1YmuRLhzGUuv96f4sGKMbeIrhcZly9B39EA3G2/ow5ah9h7/lkvfK', 58),
('risus.a@mus.edu', 'Terrell', '$2y$10$1YmuRLhzGUuv96f4sGKMbeIrhcZly9B39EA3G2/ow5ah9h7/lkvfK', 59),
('accumsan.sed@enimcommodo.ca', 'Bradshaw', '$2y$10$1YmuRLhzGUuv96f4sGKMbeIrhcZly9B39EA3G2/ow5ah9h7/lkvfK', 60),
('Nunc@Donec.org', 'Kerr', '$2y$10$1YmuRLhzGUuv96f4sGKMbeIrhcZly9B39EA3G2/ow5ah9h7/lkvfK', 61),
('ut@pedeac.co.uk', 'Vasquez', '$2y$10$1YmuRLhzGUuv96f4sGKMbeIrhcZly9B39EA3G2/ow5ah9h7/lkvfK', 62),
('malesuada.id.erat@Aliquam.net', 'Martin', '$2y$10$1YmuRLhzGUuv96f4sGKMbeIrhcZly9B39EA3G2/ow5ah9h7/lkvfK', 63),
('interdum.enim@justoProinnon.org', 'Mcclure', '$2y$10$1YmuRLhzGUuv96f4sGKMbeIrhcZly9B39EA3G2/ow5ah9h7/lkvfK', 64),
('mollis.vitae.posuere@nequesed.org', 'Bowen', '$2y$10$1YmuRLhzGUuv96f4sGKMbeIrhcZly9B39EA3G2/ow5ah9h7/lkvfK', 65),
('ipsum@sitametconsectetuer.org', 'Hawkins', '$2y$10$1YmuRLhzGUuv96f4sGKMbeIrhcZly9B39EA3G2/ow5ah9h7/lkvfK', 66),
('elementum@dapibus.com', 'Hull', '$2y$10$1YmuRLhzGUuv96f4sGKMbeIrhcZly9B39EA3G2/ow5ah9h7/lkvfK', 67),
('sagittis.Nullam@ipsumleo.org', 'Callahan', '$2y$10$1YmuRLhzGUuv96f4sGKMbeIrhcZly9B39EA3G2/ow5ah9h7/lkvfK', 68),
('magnis.dis.parturient@accumsan.edu', 'Barr', '$2y$10$1YmuRLhzGUuv96f4sGKMbeIrhcZly9B39EA3G2/ow5ah9h7/lkvfK', 69),
('a.facilisis.non@penatibus.co.uk', 'Dillon', '$2y$10$1YmuRLhzGUuv96f4sGKMbeIrhcZly9B39EA3G2/ow5ah9h7/lkvfK', 70),
('lobortis.quam.a@Maecenasornare.co.uk', 'Levy', '$2y$10$1YmuRLhzGUuv96f4sGKMbeIrhcZly9B39EA3G2/ow5ah9h7/lkvfK', 71),
('root@root.com', 'root', '$2y$10$1YmuRLhzGUuv96f4sGKMbeIrhcZly9B39EA3G2/ow5ah9h7/lkvfK', 72);

INSERT INTO Moderateur VALUES (72);

-- UTILISATEUR_FILM
INSERT INTO Utilisateur_film (idPersonne, idMedia, nom, dateAjout) VALUES
(41, 11, 'Plan to watch', NOW()),
(41, 39, 'Plan to watch', NOW()),
(41, 92, 'Finished', NOW()),
(41, 98, 'Finished', NOW()),
(41, 29, 'Finished', NOW()),
(42, 29, 'Finished', NOW()),
(43, 39, 'Finished', NOW()),
(43, 92, 'Plan to watch', NOW()),
(42, 11, 'Finished', NOW());

-- UTILISATEUR_SERIE
INSERT INTO Utilisateur_saison (idPersonne, numSaison, idMedia, nom, dateAjout, nbEpisodesVus)
VALUES
(41, 3, 1, 'Dropped', NOW(), 2),
(43, 2, 5, 'Finished', '2020-04-06', 17),
(43, 1, 2, 'Plan to watch', '2020-04-06', 0),
(44, 2, 6, 'Watching', '2020-04-06', 5),
(41, 3, 35, 'Watching', '2020-04-06', 9),
(41, 5, 95, 'Watching', '2020-04-06', 8),
(48, 3, 5, 'Watching', '2020-04-06', 10);

-- Vue contenant les medias de type film
DROP VIEW IF EXISTS vFilm;
CREATE VIEW vFilm
AS
SELECT
    Media.id as 'id',
    'Movie' as 'type',
    titre,
    Media.description as 'description',
    duree,
    Media.image as 'image',
    StudioAnimation.nom as 'nomStudio',
    Film.dateSortie as 'dateSortie',
    1 as 'nbSaisons',
    1 as 'nbEpisodes',
    (SELECT AVG(note) FROM utilisateur_media_note WHERE utilisateur_media_note.idMedia = Media.id) as 'score'
FROM Media
         INNER JOIN Film
                    ON Film.idMedia = Media.id
         INNER JOIN StudioAnimation
                    ON StudioAnimation.id = Media.idStudioAnimation;

-- Vue contenant les medias de type Série
DROP VIEW IF EXISTS vSerie;
CREATE VIEW vSerie
AS
SELECT
    Media.id as 'id',
    'Serie' as 'type',
    titre,
    Media.description as 'description',
    duree,
    Media.image as 'image',
    StudioAnimation.nom as 'nomStudio',
    (SELECT dateSortie FROM Saison WHERE idSerie = Media.id ORDER BY num LIMIT 1) as 'dateSortie',
    (SELECT COUNT(num) FROM Saison WHERE idSerie = Media.id) as 'nbSaisons',
    (SELECT SUM(nbEpisodes) FROM Saison WHERE idSerie = Media.id) as 'nbEpisodes',
    (SELECT AVG(note) FROM utilisateur_media_note WHERE utilisateur_media_note.idMedia = Media.id) as 'score'
FROM Media
         INNER JOIN Serie
                    ON Serie.idMedia = Media.id
         INNER JOIN StudioAnimation
                    ON StudioAnimation.id = Media.idStudioAnimation;

-- Vue contenant les utilisateurs de la plateforme
DROP VIEW IF EXISTS vUtilisateur;
CREATE VIEW vUtilisateur
AS
SELECT *, EXISTS (SELECT * FROM moderateur WHERE Personne.id = moderateur.idPersonne) AS 'moderateur'
FROM Personne
         INNER JOIN Utilisateur
                    ON Utilisateur.idPersonne = Personne.id;

-- Vue contenant les doubleurs
DROP VIEW IF EXISTS vDoubleur;
CREATE VIEW vDoubleur
AS
SELECT *
FROM Personne
         INNER JOIN Doubleur
                    ON Doubleur.idPersonne = Personne.id;

-- Vue pour la liste des films apparaissant dans les listes des utilisateurs
DROP VIEW IF EXISTS vUtilisateur_Lists_Film;
CREATE VIEW vUtilisateur_Lists_Film
AS
SELECT DISTINCT
    Pers.id AS 'id',
    Pers.nom,
    Pers.prenom,
    User_Film.nom AS 'liste',
    NULL AS 'saison',
    Media.titre AS 'media',
    'film' AS 'categorie',
    User_Film.idMedia,
    Media.image,
    NULL AS 'Nombre episodes vus'
FROM Utilisateur_Film AS User_Film
         INNER JOIN Personne AS Pers ON Pers.id = User_Film.idPersonne
         INNER JOIN Media ON Media.id = User_Film.idMedia;

-- Vue pour la liste des séries et leurs saisons apparaissant dans les listes des utilisateurs
DROP VIEW IF EXISTS vUtilisateur_Lists_Serie;
CREATE VIEW vUtilisateur_Lists_Serie
AS
SELECT DISTINCT
    Pers.id AS 'id',
    Pers.nom,
    Pers.prenom,
    User_Sa.nom AS 'liste',
    Saison.num AS 'saison',
    Media.titre AS 'media',
    'serie' AS 'categorie',
    User_Sa.idMedia,
    Media.image,
    User_Sa.nbEpisodesVus AS 'Nombre episodes vus'
FROM Utilisateur_Saison AS User_Sa
         INNER JOIN Personne AS Pers ON Pers.id = User_Sa.idPersonne
         INNER JOIN Saison ON Saison.num = User_Sa.numSaison
         INNER JOIN Media ON Media.id = User_Sa.idMedia;

-- Valide la note d'un media
DROP TRIGGER IF EXISTS before_utilisateur_media_note_insert;
DELIMITER $$
CREATE TRIGGER before_utilisateur_media_note_insert
    BEFORE INSERT
    ON utilisateur_media_note
    FOR EACH ROW
BEGIN
    IF NEW.note NOT BETWEEN 1 AND 10 THEN
        SET @s = '[table:utilisateur_media_note] - [note] column is not valid (must be between 1 and 10)';
        SIGNAL SQLSTATE '45001' SET MESSAGE_TEXT = @s;
    END IF;
END;
$$
DELIMITER ;

-- Evite un cas d'overlapping a l'insertion dans Film
DROP TRIGGER IF EXISTS before_film_insert;
DELIMITER $$
CREATE TRIGGER before_film_insert
    BEFORE INSERT
    ON film
    FOR EACH ROW
BEGIN
    IF EXISTS (SELECT * FROM Serie
               WHERE Serie.idMedia = NEW.idMedia)
    THEN
        SET @s = '[table:film] - New film overlapping with existing serie';
        SIGNAL SQLSTATE '45001' SET MESSAGE_TEXT = @s;
    END IF;
END;
$$
DELIMITER ;

-- Evite un cas d'overlapping a l'insertion dans Serie
DROP TRIGGER IF EXISTS before_serie_insert;
DELIMITER $$
CREATE TRIGGER before_serie_insert
    BEFORE INSERT
    ON serie
    FOR EACH ROW
BEGIN
    IF EXISTS (SELECT * FROM Film
               WHERE Film.idMedia = NEW.idMedia)
    THEN
        SET @s = '[table:serie] - New serie overlapping with existing film';
        SIGNAL SQLSTATE '45001' SET MESSAGE_TEXT = @s;
    END IF;
END;
$$
DELIMITER ;

-- Verification dates de sortie des saisons
DROP TRIGGER IF EXISTS before_saison_insert;
DELIMITER $$
CREATE TRIGGER before_saison_insert
    BEFORE INSERT
    ON saison
    FOR EACH ROW
BEGIN
    IF EXISTS (SELECT * FROM Saison
               WHERE Saison.idSerie = NEW.idSerie
                 AND Saison.num < NEW.num
                 AND Saison.dateSortie > NEW.dateSortie)
    THEN
        SET @s = '[table:saison] - New season cant be released before the old ones';
        SIGNAL SQLSTATE '45001' SET MESSAGE_TEXT = @s;
    END IF;
END;
$$
DELIMITER ;

-- lors de l'ajout d'une list / replace
DROP TRIGGER IF EXISTS before_utilisateur_saison_insert;
DELIMITER $$
CREATE TRIGGER before_utilisateur_saison_insert
    BEFORE INSERT ON Utilisateur_Saison
    FOR EACH ROW
BEGIN
    DECLARE saisonNbEpisodes INT;
    SELECT nbEpisodes INTO saisonNbEpisodes FROM Saison WHERE NEW.idMedia = Saison.idSerie AND NEW.numSaison = Saison.num;
    IF NEW.nbEpisodesVus > saisonNbEpisodes THEN                                         -- on ne peut pas avoir vu plus d'episode que le max d'episode de la saison
        SET @s = '[table:utilisateur_saison] - [nbEpisodesVus] cannot watch more episodes than the maximum';
        SIGNAL SQLSTATE '45001' SET MESSAGE_TEXT = @s;
    ELSEIF NEW.nbEpisodesVus > 0 AND NEW.nom = 'Plan to watch' THEN                     -- si un episode a été vu, il ne peut pas être dans plan to watch
        SET @s = '[table:utilisateur_saison] - [nom] The season cannot be inside Plan to watch if one episodes has been watched';
        SIGNAL SQLSTATE '45001' SET MESSAGE_TEXT = @s;
    ELSEIF NEW.nbEpisodesVus < saisonNbEpisodes AND NEW.nom = 'Finished' THEN             -- la saison peut pas être dans finished si on a pas vu tous les episodes
        SET @s = '[table:utilisateur_saison] - [nom] The season cannot be inside Finished if all episodes arent watched';
        SIGNAL SQLSTATE '45001' SET MESSAGE_TEXT = @s;
    ELSEIF NEW.nbEpisodesVus = saisonNbEpisodes AND NEW.nom != 'Finished' THEN             -- la saison ne peut pas être ailleurs que dans Finished si on a vu tous les episodes
        SET @s = '[table:utilisateur_saison] - [nom] The season must be inside Finished if all episodes are watched';
        SIGNAL SQLSTATE '45001' SET MESSAGE_TEXT = @s;
    ELSEIF NEW.nom != 'Plan to watch' AND NOW() < (SELECT dateSortie FROM Saison WHERE Saison.idSerie = NEW.idMedia AND saison.num = NEW.numSaison) THEN
        SET @t = '[table:utilisateur_saison] - [nom] The season is not out yet, cannot put it in this list';
        SIGNAL SQLSTATE '45001' SET MESSAGE_TEXT = @t;
    END IF;
END;
$$
DELIMITER ;

-- Ajout d'un nouvel utilisateur
DROP PROCEDURE IF EXISTS ajouter_utilisateur;
DELIMITER //
CREATE PROCEDURE ajouter_utilisateur (IN nom VARCHAR(50),
                                      IN prenom VARCHAR(50),
                                      IN dateNaissance DATE,
                                      IN sexe ENUM('homme', 'femme', 'autre'),
                                      IN photoProfil VARCHAR(512),
                                      IN email VARCHAR(256),
                                      IN pseudo VARCHAR(60),
                                      IN password VARCHAR(256))

BEGIN
    INSERT INTO Personne VALUES (NULL, nom, prenom, dateNaissance, sexe, photoProfil);
    INSERT INTO Utilisateur VALUES (email, pseudo, password, LAST_INSERT_ID());
END//

-- Ajout d'un doubleur
DROP PROCEDURE IF EXISTS ajouter_doubleur;
DELIMITER //
CREATE PROCEDURE ajouter_doubleur (IN nom VARCHAR(50),
                                   IN prenom VARCHAR(50),
                                   IN dateNaissance DATE,
                                   IN sexe ENUM('homme', 'femme', 'autre'),
                                   IN photoProfil VARCHAR(512))

BEGIN
    REPLACE INTO Personne VALUES (NULL, nom, prenom, dateNaissance, sexe, photoProfil);
    REPLACE INTO Doubleur VALUES (LAST_INSERT_ID());
END//

-- Ajout d'un film
DROP PROCEDURE IF EXISTS ajouter_film;
DELIMITER //
CREATE PROCEDURE ajouter_film (IN titre VARCHAR(45),
                               IN description TEXT,
                               IN duree INT,
                               IN image VARCHAR(512),
                               IN idStudioAnimation INT,
                               IN dateSortie DATE,
                               OUT newId INT)
BEGIN
    INSERT INTO Media VALUES (NULL, titre, description, duree, image, idStudioAnimation);
    SET newId = LAST_INSERT_ID();
    INSERT INTO Film VALUES (dateSortie, newId);
    SELECT newId;
END//

-- Ajout d'une série
DROP PROCEDURE IF EXISTS ajouter_serie;
DELIMITER //
CREATE PROCEDURE ajouter_serie (IN titre VARCHAR(45),
                                IN description TEXT,
                                IN duree INT,
                                IN image VARCHAR(512),
                                IN idStudioAnimation INT,
                                OUT newId INT)
BEGIN
    INSERT INTO Media VALUES (NULL, titre, description, duree, image, idStudioAnimation);
    SET newId = LAST_INSERT_ID();
    INSERT INTO Serie VALUES (newId);
    SELECT newId;
END//